text,label,fold,baseline_word_lr,exp1_word_bigrams_lr,exp2_word_bigrams_svc,exp3_char_svc
адрес подтверждения не приняли квитанция читаема свежая,KYC_VERIFICATION,1,KYC_VERIFICATION,KYC_VERIFICATION,KYC_VERIFICATION,KYC_VERIFICATION
"Слишком много попыток, блок на сутки. Можно ли снять раньше",APP_LOGIN,3,APP_LOGIN,APP_LOGIN,APP_LOGIN,APP_LOGIN
"СМС с кодом входа приходит с задержкой 10–15 минут, из-за этого не успеваю авторизоваться.",APP_LOGIN,3,APP_LOGIN,APP_LOGIN,APP_LOGIN,APP_LOGIN
SEPA перевод CHF отправлен банк говорит ждите у меня ноль,INCOMING_DELAY,2,INCOMING_DELAY,INCOMING_DELAY,INCOMING_DELAY,INCOMING_DELAY
возврат авиабилета обещали до 7 дней прошло 9 нет денег,INCOMING_DELAY,2,INCOMING_DELAY,INCOMING_DELAY,INCOMING_DELAY,INCOMING_DELAY
поле комментария обрезает текст после 40–50 символов,APP_TECH,4,APP_TECH,APP_TECH,APP_TECH,APP_TECH
ФИО в анкете совпадает но пишет не совпадает,KYC_VERIFICATION,1,KYC_VERIFICATION,KYC_VERIFICATION,KYC_VERIFICATION,KYC_VERIFICATION
возврат авиабилетов частично пришел вторая половина нет уже неделю,INCOMING_DELAY,4,INCOMING_DELAY,INCOMING_DELAY,INCOMING_DELAY,INCOMING_DELAY
операции запрещены даже внутри банка это из-за ареста,ACCOUNT_SEIZED,3,ACCOUNT_SEIZED,ACCOUNT_SEIZED,ACCOUNT_SEIZED,ACCOUNT_SEIZED
пин заблокирован как создать новый без визита,CARD_ISSUE,4,CARD_ISSUE,CARD_ISSUE,CARD_ISSUE,CARD_ISSUE
оставили меньше прожиточного прошу вернуть остаток на карточку,ACCOUNT_SEIZED,4,ACCOUNT_SEIZED,ACCOUNT_SEIZED,ACCOUNT_SEIZED,ACCOUNT_SEIZED
возврат по спору согласован но денег не поступило,INCOMING_DELAY,3,INCOMING_DELAY,INCOMING_DELAY,INCOMING_DELAY,INCOMING_DELAY
выписка показывает сервис которого не знаю отмена,FRAUD_SUSPECTED,4,FRAUD_SUSPECTED,FRAUD_SUSPECTED,FRAUD_SUSPECTED,FRAUD_SUSPECTED
после входа пустая лента операций баланс не подгружается,APP_TECH,4,APP_TECH,APP_TECH,APP_TECH,APP_TECH
ошибка tls при подключении через общественный wi-fi,APP_TECH,4,APP_LOGIN,APP_LOGIN,APP_LOGIN,APP_LOGIN
просят доп документы о доходах размер файла и формат,KYC_VERIFICATION,3,KYC_VERIFICATION,KYC_VERIFICATION,KYC_VERIFICATION,KYC_VERIFICATION
раздел аналитика расходов крутит и ничего не показывает,APP_TECH,5,APP_TECH,APP_TECH,APP_TECH,APP_TECH
две одинаковые карты в приложении одна серым операции путаются,CARD_ISSUE,3,CARD_ISSUE,CARD_ISSUE,CARD_ISSUE,CARD_ISSUE
банкомат забрал карту и перезагрузился что делать где забирать,CARD_ISSUE,3,CARD_ISSUE,CARD_ISSUE,CARD_ISSUE,CARD_ISSUE
после NFC терминал завис и провёл платёж дважды,FRAUD_SUSPECTED,3,FRAUD_SUSPECTED,FRAUD_SUSPECTED,FRAUD_SUSPECTED,FRAUD_SUSPECTED
приложение просит капчу но она не грузится из-за этого не авторизоваться,APP_LOGIN,1,APP_LOGIN,APP_LOGIN,APP_LOGIN,APP_LOGIN
поступления от клиентов разворачиваются из-за блокировки снимите временно,ACCOUNT_SEIZED,4,ACCOUNT_SEIZED,ACCOUNT_SEIZED,ACCOUNT_SEIZED,ACCOUNT_SEIZED
"Перевод из другого банка был мгновенный, сейчас уже 5 часов тишина.",INCOMING_DELAY,3,INCOMING_DELAY,INCOMING_DELAY,INCOMING_DELAY,INCOMING_DELAY
ограничение без описания причины куда обратиться за разъяснениями,ACCOUNT_SEIZED,4,ACCOUNT_SEIZED,ACCOUNT_SEIZED,ACCOUNT_SEIZED,ACCOUNT_SEIZED
списание больше чека разница 120 рублей,FRAUD_SUSPECTED,5,FRAUD_SUSPECTED,FRAUD_SUSPECTED,FRAUD_SUSPECTED,FRAUD_SUSPECTED
ограничения без уведомления прошу указать причину и порядок обжалования,ACCOUNT_SEIZED,3,ACCOUNT_SEIZED,ACCOUNT_SEIZED,ACCOUNT_SEIZED,ACCOUNT_SEIZED
обнаружил в выписке два одинаковых списания по 520 оба прошли верните одно,FRAUD_SUSPECTED,5,FRAUD_SUSPECTED,FRAUD_SUSPECTED,FRAUD_SUSPECTED,FRAUD_SUSPECTED
перевод клиента пришел в валюте конвертации и зачисления нет,INCOMING_DELAY,1,INCOMING_DELAY,INCOMING_DELAY,INCOMING_DELAY,INCOMING_DELAY
карта деформирована терминалы иногда не видят прошу перевыпуск,CARD_ISSUE,1,CARD_ISSUE,CARD_ISSUE,CARD_ISSUE,CARD_ISSUE
SEPA из Польши шёл сутки сейчас третий день пусто,INCOMING_DELAY,4,INCOMING_DELAY,INCOMING_DELAY,INCOMING_DELAY,INCOMING_DELAY
звонили представились банком просили код ничего не говорил но тревожно,FRAUD_SUSPECTED,3,FRAUD_SUSPECTED,FRAUD_SUSPECTED,FRAUD_SUSPECTED,FRAUD_SUSPECTED
перешёл на фальшивый сайт похожий на ваш вводил данные,FRAUD_SUSPECTED,4,APP_LOGIN,APP_LOGIN,APP_LOGIN,FRAUD_SUSPECTED
двойной холд в отеле списали и залог и оплата разберитесь,FRAUD_SUSPECTED,5,FRAUD_SUSPECTED,PAYMENT_OUT_FAIL,PAYMENT_OUT_FAIL,FRAUD_SUSPECTED
пришло смс с кодом хотя я ничего не делал кто-то пытается войти проверьте,FRAUD_SUSPECTED,5,APP_LOGIN,FRAUD_SUSPECTED,FRAUD_SUSPECTED,FRAUD_SUSPECTED
перевод по СБП висит «обрабатывается» уже 2 часа деньги не списаны,PAYMENT_OUT_FAIL,5,PAYMENT_OUT_FAIL,PAYMENT_OUT_FAIL,PAYMENT_OUT_FAIL,PAYMENT_OUT_FAIL
перевод по реквизитам создан но не подписывается кнопка серого цвета,PAYMENT_OUT_FAIL,4,PAYMENT_OUT_FAIL,PAYMENT_OUT_FAIL,PAYMENT_OUT_FAIL,PAYMENT_OUT_FAIL
"Не открываются PDF-выписки с мобильного, пишет «файл повреждён». На ноуте тоже не открывается.",APP_TECH,4,APP_TECH,APP_TECH,APP_TECH,APP_TECH
перевод по реквизитам создан но кнопка подписать серого цвета,PAYMENT_OUT_FAIL,3,PAYMENT_OUT_FAIL,PAYMENT_OUT_FAIL,PAYMENT_OUT_FAIL,PAYMENT_OUT_FAIL
лимиты изменились без меня подозреваю взлом,FRAUD_SUSPECTED,2,FRAUD_SUSPECTED,FRAUD_SUSPECTED,FRAUD_SUSPECTED,FRAUD_SUSPECTED
проценты по вкладу задержались обычно 1 числа сегодня нет,INCOMING_DELAY,3,INCOMING_DELAY,INCOMING_DELAY,INCOMING_DELAY,INCOMING_DELAY
сканер qr не запускается нет доступа к камере хотя разрешения выданы,APP_TECH,1,APP_TECH,APP_TECH,APP_TECH,APP_TECH
"Android 14, открываю раздел «Шаблоны» — вечная загрузка, кнопки не нажимаются.",APP_TECH,3,APP_TECH,CARD_ISSUE,APP_TECH,APP_TECH
срок действия истёк перевыпуск задерживается онлайн-платежи не идут,CARD_ISSUE,2,CARD_ISSUE,CARD_ISSUE,CARD_ISSUE,CARD_ISSUE
сменил фамилию документы загружены четыре дня статус на проверке,KYC_VERIFICATION,5,KYC_VERIFICATION,KYC_VERIFICATION,KYC_VERIFICATION,KYC_VERIFICATION
квитанция ЖКХ отклонена пишет «документ не принят»,KYC_VERIFICATION,2,KYC_VERIFICATION,KYC_VERIFICATION,KYC_VERIFICATION,KYC_VERIFICATION
"Оплата штрафа по УИН: «получатель недоступен», УИН верный, проверил на госпортале.",PAYMENT_OUT_FAIL,5,PAYMENT_OUT_FAIL,PAYMENT_OUT_FAIL,PAYMENT_OUT_FAIL,PAYMENT_OUT_FAIL
проверка по 115-ФЗ затянулась пятые сутки дайте статус,ACCOUNT_SEIZED,2,ACCOUNT_SEIZED,ACCOUNT_SEIZED,ACCOUNT_SEIZED,ACCOUNT_SEIZED
после смены телефона просит подтвердить устройство а подтверждение не приходит как войти,APP_LOGIN,5,APP_LOGIN,APP_LOGIN,APP_LOGIN,APP_LOGIN
виртуальная карта не создаётся «попробуйте позже»,CARD_ISSUE,2,CARD_ISSUE,CARD_ISSUE,CARD_ISSUE,CARD_ISSUE
ограничение без описания причины куда обращаться для разъяснений,ACCOUNT_SEIZED,4,ACCOUNT_SEIZED,ACCOUNT_SEIZED,ACCOUNT_SEIZED,ACCOUNT_SEIZED
договоры и счета-фактуры загрузил подтвердите принятие,ACCOUNT_SEIZED,5,FRAUD_SUSPECTED,KYC_VERIFICATION,KYC_VERIFICATION,KYC_VERIFICATION
после оплаты по nfc терминал завис и списал дважды,FRAUD_SUSPECTED,2,FRAUD_SUSPECTED,FRAUD_SUSPECTED,FRAUD_SUSPECTED,FRAUD_SUSPECTED
сняли все деньги списком по нескольким постановлениям как оспорить,ACCOUNT_SEIZED,5,ACCOUNT_SEIZED,ACCOUNT_SEIZED,ACCOUNT_SEIZED,ACCOUNT_SEIZED
оформился пробный период а списали полную стоимость,FRAUD_SUSPECTED,2,FRAUD_SUSPECTED,FRAUD_SUSPECTED,FRAUD_SUSPECTED,FRAUD_SUSPECTED
кнопка «Поделиться реквизитами» не реагирует,APP_TECH,2,APP_TECH,APP_TECH,APP_TECH,APP_TECH
"Локальная биометрия выключилась после обновления, теперь просит старый пароль которого нет",APP_LOGIN,1,APP_LOGIN,APP_LOGIN,APP_LOGIN,APP_LOGIN
сканер qr не стартует приложение просит доступ к камере хотя выдан,APP_TECH,5,APP_TECH,APP_TECH,APP_TECH,APP_TECH
Приложение пишет «аккаунт заблокирован службой безопасности». Куда загружать документы для проверки?,ACCOUNT_SEIZED,1,ACCOUNT_SEIZED,ACCOUNT_SEIZED,ACCOUNT_SEIZED,ACCOUNT_SEIZED
веб версия работает быстро мобильная очень тормозит,APP_TECH,4,APP_TECH,APP_LOGIN,APP_TECH,APP_TECH
"выдаёт 403 при входе через wi-fi, с LTE вошёл. Почему так",APP_LOGIN,1,APP_LOGIN,APP_LOGIN,APP_LOGIN,APP_LOGIN
входящее внутри банка висит «обрабатывается» вторые сутки,INCOMING_DELAY,5,INCOMING_DELAY,INCOMING_DELAY,INCOMING_DELAY,INCOMING_DELAY
попытались оформить кредит на меня я заявку не подавал,FRAUD_SUSPECTED,5,FRAUD_SUSPECTED,FRAUD_SUSPECTED,FRAUD_SUSPECTED,FRAUD_SUSPECTED
банкомат списал сумму и не выдал наличные вернуть деньги,CARD_ISSUE,1,CARD_ISSUE,CARD_ISSUE,CARD_ISSUE,CARD_ISSUE
"Оплата налога УИН верный, но пишет «получатель недоступен».",PAYMENT_OUT_FAIL,5,PAYMENT_OUT_FAIL,PAYMENT_OUT_FAIL,PAYMENT_OUT_FAIL,PAYMENT_OUT_FAIL
captcha не отображается в мобильном браузере из-за этого не войти,APP_LOGIN,4,APP_LOGIN,CARD_ISSUE,APP_LOGIN,APP_LOGIN
ФИО не совпадает хотя совпадает где смотреть что именно не так,KYC_VERIFICATION,2,KYC_VERIFICATION,KYC_VERIFICATION,KYC_VERIFICATION,KYC_VERIFICATION
заблокирован перевод внутри банка из-за проверок объясните,ACCOUNT_SEIZED,2,ACCOUNT_SEIZED,ACCOUNT_SEIZED,PAYMENT_OUT_FAIL,ACCOUNT_SEIZED
перевод с маркетплейса обычно в день продажи сегодня нет,INCOMING_DELAY,1,INCOMING_DELAY,INCOMING_DELAY,INCOMING_DELAY,INCOMING_DELAY
веб заходит а мобильное пишет пользователь заблокирован помогите разблокировать,APP_LOGIN,2,APP_LOGIN,APP_LOGIN,APP_LOGIN,CARD_ISSUE
бесконтактная не работает терминал просит вставить карта,CARD_ISSUE,3,CARD_ISSUE,CARD_ISSUE,CARD_ISSUE,CARD_ISSUE
перевод 15000 по сбп уже 3 часа обрабатывается,PAYMENT_OUT_FAIL,2,PAYMENT_OUT_FAIL,PAYMENT_OUT_FAIL,PAYMENT_OUT_FAIL,PAYMENT_OUT_FAIL
получаю одноразовые коды без запроса возможно утечка,FRAUD_SUSPECTED,4,FRAUD_SUSPECTED,FRAUD_SUSPECTED,FRAUD_SUSPECTED,FRAUD_SUSPECTED
заявка на спор тянется десятый день ускорьте пожалуйста,FRAUD_SUSPECTED,3,FRAUD_SUSPECTED,INCOMING_DELAY,FRAUD_SUSPECTED,FRAUD_SUSPECTED
счет бизнеса заморожен не платим подрядчикам дайте чеклист,ACCOUNT_SEIZED,5,ACCOUNT_SEIZED,ACCOUNT_SEIZED,ACCOUNT_SEIZED,ACCOUNT_SEIZED
операции по мелким суммам списались подряд без моего участия,FRAUD_SUSPECTED,2,ACCOUNT_SEIZED,ACCOUNT_SEIZED,ACCOUNT_SEIZED,FRAUD_SUSPECTED
международный рубли?тенге не проходит ограничение по валюте,PAYMENT_OUT_FAIL,2,PAYMENT_OUT_FAIL,PAYMENT_OUT_FAIL,PAYMENT_OUT_FAIL,PAYMENT_OUT_FAIL
лимиты в приложении поменялись без меня подозреваю взлом,FRAUD_SUSPECTED,4,FRAUD_SUSPECTED,FRAUD_SUSPECTED,FRAUD_SUSPECTED,FRAUD_SUSPECTED
возврат за отмененный заказ создан позавчера средств нет,INCOMING_DELAY,1,INCOMING_DELAY,INCOMING_DELAY,INCOMING_DELAY,INCOMING_DELAY
покупка через кошелек прошла два раза чек один,FRAUD_SUSPECTED,1,FRAUD_SUSPECTED,FRAUD_SUSPECTED,FRAUD_SUSPECTED,FRAUD_SUSPECTED
перевыпущенная карта не видна в приложении,CARD_ISSUE,4,CARD_ISSUE,CARD_ISSUE,CARD_ISSUE,CARD_ISSUE
nfc иногда срабатывает со второй-третьей попытки неудобно,CARD_ISSUE,5,CARD_ISSUE,CARD_ISSUE,CARD_ISSUE,CARD_ISSUE
карта отказывает «проверка соответствия» почему блок,ACCOUNT_SEIZED,4,CARD_ISSUE,ACCOUNT_SEIZED,ACCOUNT_SEIZED,ACCOUNT_SEIZED
паспорт просрочен загрузил новый система всё равно отклоняет,KYC_VERIFICATION,3,KYC_VERIFICATION,KYC_VERIFICATION,KYC_VERIFICATION,KYC_VERIFICATION
"SEPA поступление обычно на следующий день, прошло двое суток — денег нет.",INCOMING_DELAY,2,INCOMING_DELAY,INCOMING_DELAY,INCOMING_DELAY,INCOMING_DELAY
звонили из безопасности просили код не сообщал но переживаю,FRAUD_SUSPECTED,5,FRAUD_SUSPECTED,FRAUD_SUSPECTED,FRAUD_SUSPECTED,FRAUD_SUSPECTED
селфи засчитывается как несоответствие мимики что значит и как пройти,KYC_VERIFICATION,4,KYC_VERIFICATION,KYC_VERIFICATION,KYC_VERIFICATION,KYC_VERIFICATION
анкета отклонена по причине низкое качество изображения перезалил снова отклонено,KYC_VERIFICATION,5,KYC_VERIFICATION,KYC_VERIFICATION,KYC_VERIFICATION,KYC_VERIFICATION
входящие средства ограничены по постановлению прошу частичное снятие,ACCOUNT_SEIZED,4,ACCOUNT_SEIZED,ACCOUNT_SEIZED,ACCOUNT_SEIZED,ACCOUNT_SEIZED
двойной залог в отеле заблокировали сверх суммы освободите,FRAUD_SUSPECTED,3,FRAUD_SUSPECTED,FRAUD_SUSPECTED,FRAUD_SUSPECTED,FRAUD_SUSPECTED
сменил телефон теперь пишет устройство не доверенное и не пускает в аккаунт,APP_LOGIN,5,APP_LOGIN,APP_LOGIN,APP_LOGIN,APP_LOGIN
перевод по номеру телефона ушел к однофамильцу как отменить,PAYMENT_OUT_FAIL,5,PAYMENT_OUT_FAIL,PAYMENT_OUT_FAIL,PAYMENT_OUT_FAIL,PAYMENT_OUT_FAIL
карта не привязывается к кошельку эмитент не поддерживает хотя раньше работало,CARD_ISSUE,3,CARD_ISSUE,CARD_ISSUE,CARD_ISSUE,CARD_ISSUE
пополнение брокерского счёта отклонено по правилам банка причина не указана,PAYMENT_OUT_FAIL,5,PAYMENT_OUT_FAIL,PAYMENT_OUT_FAIL,PAYMENT_OUT_FAIL,PAYMENT_OUT_FAIL
частичный возврат есть второй не пришел пять дней,INCOMING_DELAY,1,INCOMING_DELAY,INCOMING_DELAY,INCOMING_DELAY,INCOMING_DELAY
смс с кодом пришла без запроса кто-то пытается войти,FRAUD_SUSPECTED,1,FRAUD_SUSPECTED,FRAUD_SUSPECTED,FRAUD_SUSPECTED,FRAUD_SUSPECTED
срок карты истёк перевыпуск задерживается онлайн-оплаты не проходят,CARD_ISSUE,5,CARD_ISSUE,CARD_ISSUE,CARD_ISSUE,CARD_ISSUE
"3-D Secure не открывается, пустая страница, платёж отменяется",PAYMENT_OUT_FAIL,2,PAYMENT_OUT_FAIL,PAYMENT_OUT_FAIL,PAYMENT_OUT_FAIL,PAYMENT_OUT_FAIL
ввел данные на сайте похожем на ваш помогите,FRAUD_SUSPECTED,4,APP_LOGIN,APP_LOGIN,FRAUD_SUSPECTED,FRAUD_SUSPECTED
"Ссылка на вход по e-mail приходит, открываю — «истёк срок действия».",APP_LOGIN,3,APP_LOGIN,APP_LOGIN,APP_LOGIN,APP_LOGIN
запрос на подтверждение адреса завис уже третий день как ускорить,KYC_VERIFICATION,4,INCOMING_DELAY,INCOMING_DELAY,KYC_VERIFICATION,KYC_VERIFICATION
синхронизация профиля зависает данные не сохраняются,APP_TECH,5,APP_TECH,APP_TECH,APP_TECH,APP_TECH
звонили представлялись службой безопасности просили код код не говорил но страшно,FRAUD_SUSPECTED,1,FRAUD_SUSPECTED,FRAUD_SUSPECTED,FRAUD_SUSPECTED,FRAUD_SUSPECTED
документы загрузил ответ пришёл «недостаточно» перечислите что ещё нужно,ACCOUNT_SEIZED,3,ACCOUNT_SEIZED,ACCOUNT_SEIZED,ACCOUNT_SEIZED,ACCOUNT_SEIZED
виртуальная карта не создается ошибка попробуйте позже,CARD_ISSUE,2,CARD_ISSUE,CARD_ISSUE,CARD_ISSUE,CARD_ISSUE
поле комментария обрезает текст после ~50 символов,APP_TECH,1,APP_TECH,APP_TECH,APP_TECH,APP_TECH
возврат магазина оформили 8 дней назад на счёте пусто,INCOMING_DELAY,4,INCOMING_DELAY,INCOMING_DELAY,INCOMING_DELAY,INCOMING_DELAY
перевод по номеру телефона задерживается у отправителя списано,INCOMING_DELAY,3,PAYMENT_OUT_FAIL,PAYMENT_OUT_FAIL,PAYMENT_OUT_FAIL,PAYMENT_OUT_FAIL
виджет баланса показывает ноль в приложении другая сумма,APP_TECH,1,APP_TECH,APP_TECH,APP_TECH,APP_TECH
cvv код в приложении скрыт кнопка показать не реагирует,CARD_ISSUE,4,CARD_ISSUE,CARD_ISSUE,CARD_ISSUE,CARD_ISSUE
кэшбэк акция закончилась неделя назад начисления нет,INCOMING_DELAY,3,INCOMING_DELAY,INCOMING_DELAY,INCOMING_DELAY,INCOMING_DELAY
Зарплата должна прийти утром сегодня уже вечер зачисления нет проверьте,INCOMING_DELAY,1,INCOMING_DELAY,INCOMING_DELAY,INCOMING_DELAY,INCOMING_DELAY
"Списали подписку, которой не подключал. В выписке «ProPlus 1190». Нужен возврат.",FRAUD_SUSPECTED,5,INCOMING_DELAY,FRAUD_SUSPECTED,FRAUD_SUSPECTED,FRAUD_SUSPECTED
получил ограничение операций по требованию органа нужен порядок снятия,ACCOUNT_SEIZED,2,ACCOUNT_SEIZED,ACCOUNT_SEIZED,ACCOUNT_SEIZED,ACCOUNT_SEIZED
сменил фамилию загрузил новые документы 3 дня статус на проверке,KYC_VERIFICATION,2,KYC_VERIFICATION,KYC_VERIFICATION,KYC_VERIFICATION,KYC_VERIFICATION
после смены номера телефона приложение просит подтвердить через старый номер я его уже не использую,APP_LOGIN,1,APP_LOGIN,APP_LOGIN,APP_LOGIN,APP_LOGIN
ограничение без описания причины куда обращаться,ACCOUNT_SEIZED,3,ACCOUNT_SEIZED,ACCOUNT_SEIZED,ACCOUNT_SEIZED,ACCOUNT_SEIZED
Видео-селфи зависает на 30-й секунде и пишет: «повторите позже». Пробовал три раза.,KYC_VERIFICATION,1,KYC_VERIFICATION,KYC_VERIFICATION,KYC_VERIFICATION,KYC_VERIFICATION
Сброс пароля: ссылка истекает сразу после открытия. Почта корпоративная.,APP_LOGIN,2,APP_LOGIN,APP_LOGIN,APP_LOGIN,APP_LOGIN
перевод по номеру у отправителя списался у меня не зачислился,INCOMING_DELAY,4,PAYMENT_OUT_FAIL,PAYMENT_OUT_FAIL,INCOMING_DELAY,INCOMING_DELAY
115 фз проверка затянулась бизнес простаивает помогите,ACCOUNT_SEIZED,2,ACCOUNT_SEIZED,ACCOUNT_SEIZED,ACCOUNT_SEIZED,ACCOUNT_SEIZED
платёж на парковку списан дважды квитанция одна,FRAUD_SUSPECTED,2,FRAUD_SUSPECTED,FRAUD_SUSPECTED,FRAUD_SUSPECTED,FRAUD_SUSPECTED
блокировка по комплаенсу операции остановлены прошу объяснить причины,ACCOUNT_SEIZED,3,ACCOUNT_SEIZED,ACCOUNT_SEIZED,ACCOUNT_SEIZED,ACCOUNT_SEIZED
SWIFT USD отправлен четыре дня назад где увидеть трек статуса,INCOMING_DELAY,5,INCOMING_DELAY,INCOMING_DELAY,INCOMING_DELAY,INCOMING_DELAY
письмо «подтвердите аккаунт» похоже на фишинг переходил,FRAUD_SUSPECTED,3,FRAUD_SUSPECTED,APP_LOGIN,FRAUD_SUSPECTED,FRAUD_SUSPECTED
SEPA CHF отправили позавчера банк говорит ждите у меня пусто,INCOMING_DELAY,4,INCOMING_DELAY,INCOMING_DELAY,INCOMING_DELAY,INCOMING_DELAY
кнопка отправить в чате поддержки не активна нельзя написать,APP_TECH,1,APP_TECH,APP_TECH,APP_TECH,APP_TECH
"Ограничение операций без причин, в приложении только «обратитесь в банк». Нужны детали.",ACCOUNT_SEIZED,2,ACCOUNT_SEIZED,ACCOUNT_SEIZED,ACCOUNT_SEIZED,ACCOUNT_SEIZED
анкета не сохраняется ошибка несоответствие даты рождения дата верна,KYC_VERIFICATION,2,KYC_VERIFICATION,KYC_VERIFICATION,KYC_VERIFICATION,KYC_VERIFICATION
квитанция за коммуналку отклонена пишут документ не принят,KYC_VERIFICATION,3,KYC_VERIFICATION,KYC_VERIFICATION,KYC_VERIFICATION,KYC_VERIFICATION
ошибка токенизации при добавлении в gpay повторите позже не помогает,CARD_ISSUE,4,CARD_ISSUE,CARD_ISSUE,CARD_ISSUE,CARD_ISSUE
проверка по 115 фз затянулась на пятые сутки дайте статус,ACCOUNT_SEIZED,1,ACCOUNT_SEIZED,ACCOUNT_SEIZED,ACCOUNT_SEIZED,ACCOUNT_SEIZED
аккаунт заблокирован службой безопасности где загрузить документы,ACCOUNT_SEIZED,5,ACCOUNT_SEIZED,ACCOUNT_SEIZED,ACCOUNT_SEIZED,ACCOUNT_SEIZED
ошибка 500 сразу после ввода логина и пароля повторял много раз,APP_LOGIN,4,APP_LOGIN,APP_LOGIN,APP_LOGIN,APP_LOGIN
"Оплата коммуналки: «операция невозможна, повторите позже», несколько раз пробовал.",PAYMENT_OUT_FAIL,3,PAYMENT_OUT_FAIL,PAYMENT_OUT_FAIL,PAYMENT_OUT_FAIL,PAYMENT_OUT_FAIL
входящее из другого банка задерживается обычно мгновенно,INCOMING_DELAY,2,INCOMING_DELAY,INCOMING_DELAY,INCOMING_DELAY,INCOMING_DELAY
после обновления требует push но уведомления не приходят как войти,APP_LOGIN,5,APP_LOGIN,APP_LOGIN,APP_LOGIN,APP_LOGIN
оставили меньше прожиточного прошу вернуть часть средств,ACCOUNT_SEIZED,5,ACCOUNT_SEIZED,ACCOUNT_SEIZED,ACCOUNT_SEIZED,ACCOUNT_SEIZED
онлайн оплата не проходит пишет карта заблокирована хотя активна,CARD_ISSUE,3,CARD_ISSUE,CARD_ISSUE,CARD_ISSUE,CARD_ISSUE
данные карты видны но cvv не показывает не могу оплатить,CARD_ISSUE,1,CARD_ISSUE,CARD_ISSUE,CARD_ISSUE,CARD_ISSUE
Оплата налога через шаблон даёт 400 неверные параметры хотя вчера работало.,PAYMENT_OUT_FAIL,4,PAYMENT_OUT_FAIL,PAYMENT_OUT_FAIL,PAYMENT_OUT_FAIL,PAYMENT_OUT_FAIL
конвертация и зачисление входящего в тенге не выполнены,INCOMING_DELAY,2,INCOMING_DELAY,INCOMING_DELAY,INCOMING_DELAY,INCOMING_DELAY
перевод по СБП завис на «создан» кнопка отправить неактивна,PAYMENT_OUT_FAIL,1,PAYMENT_OUT_FAIL,PAYMENT_OUT_FAIL,PAYMENT_OUT_FAIL,PAYMENT_OUT_FAIL
получил письмо подтвердить аккаунт перешёл боюсь что фишинг,FRAUD_SUSPECTED,4,APP_LOGIN,APP_LOGIN,APP_LOGIN,FRAUD_SUSPECTED
верификация отклонена причина «некорректный документ» фото чёткое,KYC_VERIFICATION,3,KYC_VERIFICATION,KYC_VERIFICATION,KYC_VERIFICATION,KYC_VERIFICATION
не открываются pdf выписки пишет файл поврежден,APP_TECH,1,APP_TECH,APP_TECH,APP_TECH,APP_TECH
сброс пароля недоступен потому что надо войти замкнутый круг,APP_LOGIN,2,APP_LOGIN,APP_LOGIN,APP_LOGIN,APP_LOGIN
реестр зарплаты загрузили вчера у меня на счёте ноль,INCOMING_DELAY,5,INCOMING_DELAY,INCOMING_DELAY,INCOMING_DELAY,INCOMING_DELAY
не могу войти через номер телефона пишет учетная запись не найдена,APP_LOGIN,1,APP_LOGIN,APP_LOGIN,APP_LOGIN,APP_LOGIN
"Кнопка «Отправить» в чате поддержки не активна, не могу написать сообщение.",APP_TECH,3,APP_TECH,APP_TECH,APP_TECH,APP_TECH
календарь списаний показывает неверные даты,APP_TECH,2,APP_TECH,APP_TECH,APP_TECH,APP_TECH
двойной профиль карты один серый возникают ошибки,CARD_ISSUE,1,CARD_ISSUE,CARD_ISSUE,CARD_ISSUE,CARD_ISSUE
PIN заблокирован после трех неверных как сменить дистанционно,CARD_ISSUE,2,CARD_ISSUE,CARD_ISSUE,CARD_ISSUE,CARD_ISSUE
календарь списаний показывает неверные даты и суммы,APP_TECH,3,APP_TECH,APP_TECH,APP_TECH,APP_TECH
кнопка поделиться реквизитами не реагирует,APP_TECH,1,APP_TECH,APP_TECH,APP_TECH,APP_TECH
в приложении две одинаковые карты одна серым,CARD_ISSUE,4,CARD_ISSUE,CARD_ISSUE,CARD_ISSUE,CARD_ISSUE
При попытке авторизации сразу 403: доступ запрещён. Раньше всё работало.,APP_LOGIN,3,APP_LOGIN,APP_LOGIN,APP_LOGIN,APP_LOGIN
кнопка войти не активна хотя все поля заполнены,APP_LOGIN,3,APP_TECH,APP_TECH,APP_TECH,APP_LOGIN
ФИО совпадает с паспортом но система пишет не совпадает,KYC_VERIFICATION,1,KYC_VERIFICATION,KYC_VERIFICATION,KYC_VERIFICATION,KYC_VERIFICATION
перевод по swift usd отклонен банком посредником что исправить,PAYMENT_OUT_FAIL,3,PAYMENT_OUT_FAIL,PAYMENT_OUT_FAIL,PAYMENT_OUT_FAIL,PAYMENT_OUT_FAIL
статус kyc отклонено без деталей как узнать конкретную причину,KYC_VERIFICATION,2,KYC_VERIFICATION,KYC_VERIFICATION,KYC_VERIFICATION,KYC_VERIFICATION
TOTP коды рассинхронизированы как настроить чтобы принимало,APP_LOGIN,5,APP_LOGIN,APP_LOGIN,APP_LOGIN,APP_LOGIN
звонили «безопасность банка» просили код я не говорил,FRAUD_SUSPECTED,2,FRAUD_SUSPECTED,FRAUD_SUSPECTED,FRAUD_SUSPECTED,FRAUD_SUSPECTED
Возврат по спору согласован неделю назад пока не зачислен.,INCOMING_DELAY,3,INCOMING_DELAY,INCOMING_DELAY,INCOMING_DELAY,INCOMING_DELAY
анкета kyc зависает на последнем шаге крутится без конца,KYC_VERIFICATION,5,KYC_VERIFICATION,KYC_VERIFICATION,KYC_VERIFICATION,KYC_VERIFICATION
"CVV не отображается в приложении из-за этого не оплатить сервис, что делать?",CARD_ISSUE,1,CARD_ISSUE,CARD_ISSUE,CARD_ISSUE,CARD_ISSUE
оплата подписки в steam не проходит просит другую карту,PAYMENT_OUT_FAIL,3,PAYMENT_OUT_FAIL,PAYMENT_OUT_FAIL,PAYMENT_OUT_FAIL,PAYMENT_OUT_FAIL
открываю магический линк на телефоне и он открывается на компьютере как сменить,APP_LOGIN,5,APP_LOGIN,APP_LOGIN,CARD_ISSUE,APP_TECH
3-D Secure не открывается страница пустая платёж отменяется,PAYMENT_OUT_FAIL,3,PAYMENT_OUT_FAIL,PAYMENT_OUT_FAIL,PAYMENT_OUT_FAIL,PAYMENT_OUT_FAIL
двойной профиль карты одна запись серая операции путаются,CARD_ISSUE,2,CARD_ISSUE,CARD_ISSUE,CARD_ISSUE,CARD_ISSUE
анкета зависает на последнем шаге крутится без конца,KYC_VERIFICATION,2,KYC_VERIFICATION,KYC_VERIFICATION,KYC_VERIFICATION,KYC_VERIFICATION
пополнение кошелька отклонено MCC запрещен банком можно ли временно снять блок,PAYMENT_OUT_FAIL,3,APP_LOGIN,ACCOUNT_SEIZED,APP_LOGIN,PAYMENT_OUT_FAIL
СБП «банк получателя недоступен» утром и вечером одинаково,PAYMENT_OUT_FAIL,5,PAYMENT_OUT_FAIL,PAYMENT_OUT_FAIL,PAYMENT_OUT_FAIL,PAYMENT_OUT_FAIL
платеж в магазине отменился а холд повис сколько ждать возврат,PAYMENT_OUT_FAIL,1,PAYMENT_OUT_FAIL,PAYMENT_OUT_FAIL,PAYMENT_OUT_FAIL,PAYMENT_OUT_FAIL
после оплаты телефоном терминал завис и провёл два раза,FRAUD_SUSPECTED,5,FRAUD_SUSPECTED,FRAUD_SUSPECTED,FRAUD_SUSPECTED,FRAUD_SUSPECTED
страницы паспорта обрезались при загрузке теперь отклонено что делать,KYC_VERIFICATION,1,APP_LOGIN,APP_LOGIN,APP_LOGIN,KYC_VERIFICATION
"на новом телефоне пишет «аккаунт не найден», на старом всё ещё залогинен",APP_LOGIN,3,APP_LOGIN,APP_LOGIN,APP_LOGIN,APP_LOGIN
кэшбэк по акции должен прийти до 3 рабочих дней прошло 6,INCOMING_DELAY,4,INCOMING_DELAY,INCOMING_DELAY,INCOMING_DELAY,INCOMING_DELAY
TOTP код из приложения не принимается возможно рассинхронизация часовой,APP_LOGIN,2,APP_LOGIN,APP_LOGIN,APP_LOGIN,APP_LOGIN
арест дублируется на двух счетах один уже оплачен снимите повторно,ACCOUNT_SEIZED,1,ACCOUNT_SEIZED,ACCOUNT_SEIZED,ACCOUNT_SEIZED,ACCOUNT_SEIZED
Не пускает из-за несоответствия часового пояса? Пишет «проверьте дату и время».,APP_LOGIN,4,APP_LOGIN,APP_LOGIN,APP_LOGIN,APP_LOGIN
загрузил коммунальный счет как подтверждение адреса пишет документ не принят,KYC_VERIFICATION,2,KYC_VERIFICATION,KYC_VERIFICATION,KYC_VERIFICATION,KYC_VERIFICATION
"возврат по спорной операции согласовали, но на счет не упал",INCOMING_DELAY,5,INCOMING_DELAY,INCOMING_DELAY,INCOMING_DELAY,INCOMING_DELAY
веб версия быстрая мобильная тормозит листать невозможно,APP_TECH,4,APP_TECH,APP_TECH,APP_TECH,APP_TECH
"Счёт бизнеса заморожен, подрядчикам платить не можем. Дайте чек-лист для разблокировки.",ACCOUNT_SEIZED,4,ACCOUNT_SEIZED,ACCOUNT_SEIZED,ACCOUNT_SEIZED,ACCOUNT_SEIZED
в терминале просит вставить карту бесконтактная оплата не работает магнитная полоса ok,CARD_ISSUE,5,CARD_ISSUE,CARD_ISSUE,CARD_ISSUE,CARD_ISSUE
Счёт ограничен по требованию органа операции заблокированы что делать,ACCOUNT_SEIZED,5,ACCOUNT_SEIZED,ACCOUNT_SEIZED,ACCOUNT_SEIZED,ACCOUNT_SEIZED
дубликат карты в приложении один серый операции путаются,CARD_ISSUE,3,CARD_ISSUE,CARD_ISSUE,CARD_ISSUE,CARD_ISSUE
"веб шустрый, мобильное приложение тормозит",APP_TECH,5,APP_LOGIN,APP_LOGIN,APP_LOGIN,APP_LOGIN
после подачи заявления обжалование ограничений тишина третий день,ACCOUNT_SEIZED,3,INCOMING_DELAY,INCOMING_DELAY,ACCOUNT_SEIZED,ACCOUNT_SEIZED
nfc не срабатывает терминал просит вставить магнитная работает,CARD_ISSUE,4,CARD_ISSUE,CARD_ISSUE,CARD_ISSUE,CARD_ISSUE
неверно указан налоговый статус из-за этого ограничения,ACCOUNT_SEIZED,4,ACCOUNT_SEIZED,ACCOUNT_SEIZED,ACCOUNT_SEIZED,ACCOUNT_SEIZED
регулярный платёж ушёл дважды в один день отмените второй,PAYMENT_OUT_FAIL,1,PAYMENT_OUT_FAIL,PAYMENT_OUT_FAIL,PAYMENT_OUT_FAIL,PAYMENT_OUT_FAIL
номер карты виден cvv скрыт кнопка показать не работает,CARD_ISSUE,2,CARD_ISSUE,CARD_ISSUE,CARD_ISSUE,CARD_ISSUE
попытка загрузить документ заканчивается ошибкой 500,APP_TECH,5,KYC_VERIFICATION,KYC_VERIFICATION,APP_TECH,KYC_VERIFICATION
"в истории вижу вход с нового устройства город не мой, что делать?",FRAUD_SUSPECTED,2,FRAUD_SUSPECTED,FRAUD_SUSPECTED,FRAUD_SUSPECTED,FRAUD_SUSPECTED
SEPA EUR отправили вчера вечером у меня до сих пор ноль,INCOMING_DELAY,5,INCOMING_DELAY,INCOMING_DELAY,INCOMING_DELAY,INCOMING_DELAY
двойное списание в супермаркете суммы одинаковые,FRAUD_SUSPECTED,4,FRAUD_SUSPECTED,FRAUD_SUSPECTED,FRAUD_SUSPECTED,FRAUD_SUSPECTED
поле комментария к платежу обрезает текст после 50 символов,APP_TECH,2,APP_TECH,APP_TECH,APP_TECH,APP_TECH
клиенту списали у меня ничего не пришло где деньги,INCOMING_DELAY,2,FRAUD_SUSPECTED,FRAUD_SUSPECTED,FRAUD_SUSPECTED,INCOMING_DELAY
"магическая ссылка на e-mail открывается, но приложение остаётся на экране логина",APP_LOGIN,1,APP_LOGIN,APP_LOGIN,APP_LOGIN,APP_LOGIN
ошибка синхронизации профиля данные не сохраняются,APP_TECH,1,APP_TECH,APP_TECH,APP_TECH,APP_TECH
выплата партнера пришла частично остатка нет уже 4 дня,INCOMING_DELAY,3,INCOMING_DELAY,INCOMING_DELAY,INCOMING_DELAY,INCOMING_DELAY
ошибка 3d secure страница не загружается платеж отменен,PAYMENT_OUT_FAIL,4,PAYMENT_OUT_FAIL,PAYMENT_OUT_FAIL,PAYMENT_OUT_FAIL,PAYMENT_OUT_FAIL
требует подтвердить источник средств куда прикрепить справки о доходах,KYC_VERIFICATION,4,KYC_VERIFICATION,KYC_VERIFICATION,KYC_VERIFICATION,KYC_VERIFICATION
"СБП: у получателя другой банк, система пишет превышен лимит получателя",PAYMENT_OUT_FAIL,3,PAYMENT_OUT_FAIL,PAYMENT_OUT_FAIL,PAYMENT_OUT_FAIL,PAYMENT_OUT_FAIL
паспорт РФ просрочен загрузил новый но проверка все равно отклоняет,KYC_VERIFICATION,5,KYC_VERIFICATION,KYC_VERIFICATION,KYC_VERIFICATION,KYC_VERIFICATION
возврат за заказ оформили 8 дней назад на счете пусто,INCOMING_DELAY,2,INCOMING_DELAY,INCOMING_DELAY,INCOMING_DELAY,INCOMING_DELAY
видео живости прошло но статус не прошли проверку,KYC_VERIFICATION,1,KYC_VERIFICATION,KYC_VERIFICATION,KYC_VERIFICATION,KYC_VERIFICATION
Международный перевод EUR отклонён: «некорректный IBAN». Проверил у получателя — верный.,PAYMENT_OUT_FAIL,2,PAYMENT_OUT_FAIL,PAYMENT_OUT_FAIL,PAYMENT_OUT_FAIL,PAYMENT_OUT_FAIL
нерезидент какие документы нужны для полного kyc список,KYC_VERIFICATION,1,KYC_VERIFICATION,KYC_VERIFICATION,KYC_VERIFICATION,KYC_VERIFICATION
оплата телефона через шаблон падает ошибка 400 неверные параметры хотя шаблон старый рабочий,PAYMENT_OUT_FAIL,3,PAYMENT_OUT_FAIL,PAYMENT_OUT_FAIL,PAYMENT_OUT_FAIL,PAYMENT_OUT_FAIL
После обновления до 12.4 приложение показывает пустой экран на главной.,APP_TECH,2,APP_TECH,APP_TECH,APP_TECH,APP_TECH
PIN заблокирован после неверных попыток как сменить онлайн,CARD_ISSUE,1,CARD_ISSUE,CARD_ISSUE,CARD_ISSUE,CARD_ISSUE
карта не привязывается к кошельку пишет «эмитент не поддерживает»,CARD_ISSUE,1,CARD_ISSUE,CARD_ISSUE,CARD_ISSUE,CARD_ISSUE
смена пин в приложении не сохраняется пишет операция отклонена,CARD_ISSUE,1,CARD_ISSUE,CARD_ISSUE,CARD_ISSUE,CARD_ISSUE
онлайн-оплата не проходит пишет карта неактивна хотя активировал,CARD_ISSUE,5,CARD_ISSUE,CARD_ISSUE,CARD_ISSUE,CARD_ISSUE
ограничили онлайн-операции в офисе говорят ждите письма,ACCOUNT_SEIZED,4,ACCOUNT_SEIZED,CARD_ISSUE,ACCOUNT_SEIZED,ACCOUNT_SEIZED
смена фамилии документы отправлены 5 дней статус проверка,KYC_VERIFICATION,1,KYC_VERIFICATION,KYC_VERIFICATION,KYC_VERIFICATION,KYC_VERIFICATION
чарджбек по спорной операции тянется 2 недели ускорьте,FRAUD_SUSPECTED,4,FRAUD_SUSPECTED,INCOMING_DELAY,INCOMING_DELAY,FRAUD_SUSPECTED
ограничили входящие и исходящие по запросу органа сроки снятия?,ACCOUNT_SEIZED,4,ACCOUNT_SEIZED,ACCOUNT_SEIZED,ACCOUNT_SEIZED,ACCOUNT_SEIZED
настройка push сохраняется но после перезапуска снова выключено,APP_TECH,4,APP_LOGIN,APP_LOGIN,APP_LOGIN,APP_TECH
"Возврат от авиакомпании по отменённому рейсу оформили 10 дней назад, деньги не зачислены.",INCOMING_DELAY,1,INCOMING_DELAY,INCOMING_DELAY,INCOMING_DELAY,INCOMING_DELAY
"первый вход ок, второй раз «слишком много попыток» блок на 24 часа",APP_LOGIN,3,APP_LOGIN,APP_LOGIN,APP_LOGIN,APP_LOGIN
карта не привязывается к кошельку пишет эмитент не поддерживает,CARD_ISSUE,3,CARD_ISSUE,CARD_ISSUE,CARD_ISSUE,CARD_ISSUE
банк пишет проверки соответствия карта отказывается в магазинах,ACCOUNT_SEIZED,4,CARD_ISSUE,CARD_ISSUE,ACCOUNT_SEIZED,ACCOUNT_SEIZED
Возврат налога статус «отправлено в банк» третьи сутки тишина,INCOMING_DELAY,2,INCOMING_DELAY,INCOMING_DELAY,INCOMING_DELAY,INCOMING_DELAY
нужно подтвердить источник средств куда грузить 2-НДФЛ,KYC_VERIFICATION,5,ACCOUNT_SEIZED,ACCOUNT_SEIZED,KYC_VERIFICATION,ACCOUNT_SEIZED
арест от ФССП без уведомления дайте реквизиты оплаты постановления,ACCOUNT_SEIZED,5,ACCOUNT_SEIZED,ACCOUNT_SEIZED,ACCOUNT_SEIZED,ACCOUNT_SEIZED
попросили справку об адресе проживаю по договору найма что подойдёт,KYC_VERIFICATION,2,KYC_VERIFICATION,KYC_VERIFICATION,KYC_VERIFICATION,KYC_VERIFICATION
возврат по спору согласован но денег нет пятый день,INCOMING_DELAY,5,INCOMING_DELAY,INCOMING_DELAY,INCOMING_DELAY,INCOMING_DELAY
"Выписка показывает покупку ночью в зарубежном магазине, в это время я спал. Оспорьте.",FRAUD_SUSPECTED,5,FRAUD_SUSPECTED,FRAUD_SUSPECTED,FRAUD_SUSPECTED,FRAUD_SUSPECTED
перевод с карты на карту отказ эмитента у получателя работает,PAYMENT_OUT_FAIL,1,PAYMENT_OUT_FAIL,PAYMENT_OUT_FAIL,PAYMENT_OUT_FAIL,PAYMENT_OUT_FAIL
сессии с нового браузера отображаются закройте все,FRAUD_SUSPECTED,2,FRAUD_SUSPECTED,FRAUD_SUSPECTED,FRAUD_SUSPECTED,FRAUD_SUSPECTED
Пополнение кошелька отклонено «по правилам банка». Поясните.,PAYMENT_OUT_FAIL,4,PAYMENT_OUT_FAIL,PAYMENT_OUT_FAIL,PAYMENT_OUT_FAIL,PAYMENT_OUT_FAIL
телефон сменил пишет устройство не доверено,APP_LOGIN,4,APP_LOGIN,APP_LOGIN,APP_LOGIN,APP_LOGIN
Раздел «Платежи» открывается с задержкой 10–15 сек и иногда вылетает.,APP_TECH,1,APP_TECH,APP_TECH,APP_TECH,APP_TECH
"на новом телефоне пишет «аккаунт не найден», на старом всё работает",APP_LOGIN,2,APP_LOGIN,APP_LOGIN,APP_LOGIN,APP_LOGIN
раздел «Платежи» открывается по 15–20 секунд иногда вылетает,APP_TECH,3,APP_TECH,APP_TECH,APP_TECH,APP_TECH
сменил телефон и номер теперь пишет устройство не доверено доступ закрыт,APP_LOGIN,4,APP_LOGIN,APP_LOGIN,APP_LOGIN,APP_LOGIN
"Межбанк по реквизитам ушёл в неизвестный статус, в истории пусто.",PAYMENT_OUT_FAIL,5,PAYMENT_OUT_FAIL,PAYMENT_OUT_FAIL,PAYMENT_OUT_FAIL,PAYMENT_OUT_FAIL
после запроса комплаенса все блокировано почему,ACCOUNT_SEIZED,1,ACCOUNT_SEIZED,ACCOUNT_SEIZED,ACCOUNT_SEIZED,ACCOUNT_SEIZED
авторизация через браузер внутри приложения висит вечная загрузка,APP_TECH,2,APP_TECH,APP_LOGIN,APP_TECH,APP_LOGIN
"Apple Pay/Google Pay видит карту как неактивную, привязка не завершается.",APP_TECH,3,CARD_ISSUE,CARD_ISSUE,CARD_ISSUE,CARD_ISSUE
карта не привязывается к кошельку эмитент не поддерживает,CARD_ISSUE,2,CARD_ISSUE,CARD_ISSUE,CARD_ISSUE,CARD_ISSUE
спор по операции висит 10 дней прошу ускорить,FRAUD_SUSPECTED,1,ACCOUNT_SEIZED,ACCOUNT_SEIZED,ACCOUNT_SEIZED,ACCOUNT_SEIZED
карта потеряна заблокировать не получается вечная загрузка помогите срочно,CARD_ISSUE,1,CARD_ISSUE,CARD_ISSUE,CARD_ISSUE,CARD_ISSUE
пластик треснул терминалы отказывают нужна срочная замена,CARD_ISSUE,4,CARD_ISSUE,CARD_ISSUE,CARD_ISSUE,CARD_ISSUE
"Перевод на карту другого банка отклонён: превышен дневной лимит, но до лимита далеко.",PAYMENT_OUT_FAIL,1,PAYMENT_OUT_FAIL,PAYMENT_OUT_FAIL,PAYMENT_OUT_FAIL,PAYMENT_OUT_FAIL
забыл пин от приложения кнопка восстановить не активна что делать,APP_LOGIN,3,APP_LOGIN,APP_LOGIN,APP_LOGIN,APP_TECH
TLS ошибка при подключении через общественный wi-fi,APP_TECH,4,APP_LOGIN,APP_LOGIN,APP_LOGIN,APP_LOGIN
SEPA перевод из Италии отправлен вчера у меня ноль где статус,INCOMING_DELAY,1,INCOMING_DELAY,INCOMING_DELAY,INCOMING_DELAY,INCOMING_DELAY
забыл пин на вход пробовал три раза теперь блок 24 часа можно раньше,APP_LOGIN,4,APP_LOGIN,APP_LOGIN,APP_LOGIN,APP_LOGIN
входящее по реквизитам внутри банка «обрабатывается» вторые сутки,INCOMING_DELAY,2,INCOMING_DELAY,INCOMING_DELAY,INCOMING_DELAY,INCOMING_DELAY
частичный возврат пришел вторая часть зависла уже неделю,INCOMING_DELAY,4,INCOMING_DELAY,INCOMING_DELAY,INCOMING_DELAY,INCOMING_DELAY
Оплата телефона по шаблону даёт 400 «неверные параметры»,PAYMENT_OUT_FAIL,4,PAYMENT_OUT_FAIL,PAYMENT_OUT_FAIL,PAYMENT_OUT_FAIL,PAYMENT_OUT_FAIL
входящее по реквизитам внутри банка висит «обрабатывается» вторые сутки,INCOMING_DELAY,5,INCOMING_DELAY,INCOMING_DELAY,INCOMING_DELAY,INCOMING_DELAY
кнопка отправить в чате поддержки не активна,APP_TECH,5,APP_TECH,APP_TECH,APP_TECH,APP_TECH
после банкомата пошли мелкие списания похоже скимминг,FRAUD_SUSPECTED,1,FRAUD_SUSPECTED,FRAUD_SUSPECTED,FRAUD_SUSPECTED,FRAUD_SUSPECTED
письмо для подтверждения не приходит на почту,APP_LOGIN,5,APP_LOGIN,APP_LOGIN,APP_LOGIN,APP_LOGIN
срок действия истек перевыпуск задерживается онлайн платежи не проходят,CARD_ISSUE,2,CARD_ISSUE,CARD_ISSUE,CARD_ISSUE,CARD_ISSUE
виджет баланса показывает ноль при открытии сумма другая,APP_TECH,5,APP_TECH,APP_TECH,APP_TECH,APP_TECH
межбанк отклонен назначение некорректно подскажите формат,PAYMENT_OUT_FAIL,4,PAYMENT_OUT_FAIL,PAYMENT_OUT_FAIL,PAYMENT_OUT_FAIL,PAYMENT_OUT_FAIL
"Оплата подписки в App Store не проходит через вашу карту, требует другую.",PAYMENT_OUT_FAIL,5,PAYMENT_OUT_FAIL,PAYMENT_OUT_FAIL,PAYMENT_OUT_FAIL,PAYMENT_OUT_FAIL
"Возврат от магазина прошёл частично, вторая часть не пришла уже неделю.",INCOMING_DELAY,5,INCOMING_DELAY,INCOMING_DELAY,INCOMING_DELAY,INCOMING_DELAY
пополнение брокерского счета отклонено по правилам банка,PAYMENT_OUT_FAIL,4,PAYMENT_OUT_FAIL,PAYMENT_OUT_FAIL,PAYMENT_OUT_FAIL,PAYMENT_OUT_FAIL
"Видео-идентификация завершилась, но пришло «отклонено». Как узнать причину?",KYC_VERIFICATION,2,KYC_VERIFICATION,KYC_VERIFICATION,KYC_VERIFICATION,KYC_VERIFICATION
анкета зависает на последнем шаге крутится бесконечно,KYC_VERIFICATION,4,KYC_VERIFICATION,KYC_VERIFICATION,KYC_VERIFICATION,KYC_VERIFICATION
при первом входе просит подтвердить устройство а пуш зависает в ожидании,APP_LOGIN,5,APP_LOGIN,APP_LOGIN,APP_LOGIN,APP_LOGIN
"При входе просит капчу, ввожу правильно, всё равно ошибка «попробуйте позже».",APP_LOGIN,3,APP_LOGIN,APP_LOGIN,APP_LOGIN,APP_LOGIN
"Оплата штрафа ГИБДД по УИН проводилась, потом откат. Почему?",PAYMENT_OUT_FAIL,1,PAYMENT_OUT_FAIL,PAYMENT_OUT_FAIL,PAYMENT_OUT_FAIL,PAYMENT_OUT_FAIL
оплата подписки в «магазине приложений» просит другую карту моя отклонена,PAYMENT_OUT_FAIL,4,PAYMENT_OUT_FAIL,PAYMENT_OUT_FAIL,PAYMENT_OUT_FAIL,PAYMENT_OUT_FAIL
"Регулярный платёж не списался в дату: «недостаточно средств», но деньги были.",PAYMENT_OUT_FAIL,2,PAYMENT_OUT_FAIL,PAYMENT_OUT_FAIL,PAYMENT_OUT_FAIL,PAYMENT_OUT_FAIL
"Покупка в онлайне не прошла, деньги списались и вернулись через минуту. Что это?",PAYMENT_OUT_FAIL,2,FRAUD_SUSPECTED,APP_LOGIN,APP_LOGIN,FRAUD_SUSPECTED
поступление из маркетплейса в этот раз не пришло обычно день в день,INCOMING_DELAY,3,INCOMING_DELAY,INCOMING_DELAY,INCOMING_DELAY,INCOMING_DELAY
"Оплата в App Store: требует другую карту, моя отклоняется без кода подтверждения.",PAYMENT_OUT_FAIL,4,PAYMENT_OUT_FAIL,PAYMENT_OUT_FAIL,PAYMENT_OUT_FAIL,PAYMENT_OUT_FAIL
Оплата по QR: квитанция не найдена код с сайта поставщика,PAYMENT_OUT_FAIL,3,PAYMENT_OUT_FAIL,PAYMENT_OUT_FAIL,PAYMENT_OUT_FAIL,PAYMENT_OUT_FAIL
загрузка документа прерывается ошибкой 500 попробуйте позже,APP_TECH,5,APP_TECH,APP_TECH,APP_TECH,APP_TECH
код из смс приходит с опозданием 10 минут не успеваю подтвердить вход,APP_LOGIN,4,APP_LOGIN,APP_LOGIN,APP_LOGIN,APP_LOGIN
клиент перевел по номеру у него списалось у меня не зачислилось,INCOMING_DELAY,2,INCOMING_DELAY,INCOMING_DELAY,INCOMING_DELAY,INCOMING_DELAY
перевод с криптоплощадки фиат в проверке денег нет второй день,INCOMING_DELAY,1,INCOMING_DELAY,INCOMING_DELAY,INCOMING_DELAY,INCOMING_DELAY
CVV не раскрывается в приложении из-за этого не оплатить,CARD_ISSUE,5,CARD_ISSUE,CARD_ISSUE,CARD_ISSUE,CARD_ISSUE
пишет проверьте дату и время синхронизировал все равно не пускает,APP_LOGIN,3,APP_LOGIN,APP_LOGIN,APP_LOGIN,APP_LOGIN
ИНН вводится но система пишет невалидный формат,KYC_VERIFICATION,2,KYC_VERIFICATION,KYC_VERIFICATION,KYC_VERIFICATION,KYC_VERIFICATION
входящее зачисление по реквизитам задерживается где проверить,INCOMING_DELAY,4,INCOMING_DELAY,INCOMING_DELAY,INCOMING_DELAY,INCOMING_DELAY
звонок от якобы банка просили код код не говорил проверьте,FRAUD_SUSPECTED,4,FRAUD_SUSPECTED,FRAUD_SUSPECTED,FRAUD_SUSPECTED,FRAUD_SUSPECTED
"Оплата коммуналки: «операция невозможна, попробуйте позже». Пытался 4 раза.",PAYMENT_OUT_FAIL,1,PAYMENT_OUT_FAIL,PAYMENT_OUT_FAIL,PAYMENT_OUT_FAIL,PAYMENT_OUT_FAIL
"Платёж в магазине прошёл дважды, терминал завис. Нужна отмена одного списания.",FRAUD_SUSPECTED,2,FRAUD_SUSPECTED,FRAUD_SUSPECTED,FRAUD_SUSPECTED,FRAUD_SUSPECTED
операция запрещена даже внутри банка это точно из-за ареста,ACCOUNT_SEIZED,1,ACCOUNT_SEIZED,ACCOUNT_SEIZED,ACCOUNT_SEIZED,ACCOUNT_SEIZED
банкомат захватил карту отделение закрыто как вернуть,CARD_ISSUE,2,CARD_ISSUE,CARD_ISSUE,CARD_ISSUE,CARD_ISSUE
на экране логина кружок загрузки и возвращает назад без ошибки,APP_LOGIN,4,KYC_VERIFICATION,APP_LOGIN,APP_LOGIN,APP_TECH
операция запрещена даже внутри банка это из-за ограничений,ACCOUNT_SEIZED,5,ACCOUNT_SEIZED,ACCOUNT_SEIZED,ACCOUNT_SEIZED,ACCOUNT_SEIZED
после апдейта 13.0 главный экран пустой баланс не грузится,APP_TECH,5,APP_TECH,APP_TECH,APP_TECH,APP_TECH
SWIFT USD отправили три дня назад когда будет зачисление,INCOMING_DELAY,5,INCOMING_DELAY,INCOMING_DELAY,INCOMING_DELAY,INCOMING_DELAY
селфи не проходит пишет поверните голову поворачиваю не помогает,KYC_VERIFICATION,2,KYC_VERIFICATION,KYC_VERIFICATION,KYC_VERIFICATION,KYC_VERIFICATION
платеж по QR от поставщика пишет квитанция недоступна,PAYMENT_OUT_FAIL,2,PAYMENT_OUT_FAIL,PAYMENT_OUT_FAIL,PAYMENT_OUT_FAIL,PAYMENT_OUT_FAIL
выписка показывает сервис подписки которого нет у меня,FRAUD_SUSPECTED,1,FRAUD_SUSPECTED,FRAUD_SUSPECTED,FRAUD_SUSPECTED,FRAUD_SUSPECTED
фото паспорта бликует как правильно сфотографировать чтобы приняли,KYC_VERIFICATION,1,KYC_VERIFICATION,KYC_VERIFICATION,KYC_VERIFICATION,KYC_VERIFICATION
SePA из Франции ушел позавчера зачисления нет,INCOMING_DELAY,5,INCOMING_DELAY,INCOMING_DELAY,INCOMING_DELAY,INCOMING_DELAY
платеж ушел в неизвестный статус в истории пусто,PAYMENT_OUT_FAIL,4,PAYMENT_OUT_FAIL,PAYMENT_OUT_FAIL,PAYMENT_OUT_FAIL,PAYMENT_OUT_FAIL
банкомат съел карту адрес ленина 5 как заблокировать и вернуть,CARD_ISSUE,3,CARD_ISSUE,CARD_ISSUE,CARD_ISSUE,CARD_ISSUE
указал новый номер для 2fa но проверка идёт бесконечно,APP_LOGIN,2,ACCOUNT_SEIZED,ACCOUNT_SEIZED,KYC_VERIFICATION,KYC_VERIFICATION
международный перевод в GBP не создается поле IBAN отсутствует как отправить,PAYMENT_OUT_FAIL,1,PAYMENT_OUT_FAIL,PAYMENT_OUT_FAIL,PAYMENT_OUT_FAIL,PAYMENT_OUT_FAIL
анкета зависает на последнем шаге «сохранение» крутится без конца,KYC_VERIFICATION,5,KYC_VERIFICATION,KYC_VERIFICATION,KYC_VERIFICATION,KYC_VERIFICATION
SEPA EUR отправлен вчера днём сегодня утром всё ещё ноль,INCOMING_DELAY,4,INCOMING_DELAY,INCOMING_DELAY,INCOMING_DELAY,INCOMING_DELAY
оплата подписки не проходит пишет превышен лимит в приложении лимит не выбран,PAYMENT_OUT_FAIL,3,PAYMENT_OUT_FAIL,PAYMENT_OUT_FAIL,PAYMENT_OUT_FAIL,PAYMENT_OUT_FAIL
перевод с криптоплощадки фиат в проверке второй день,INCOMING_DELAY,5,INCOMING_DELAY,INCOMING_DELAY,INCOMING_DELAY,INCOMING_DELAY
нужно подтвердить источник средств куда загружать 2 ндфл и договор,KYC_VERIFICATION,5,ACCOUNT_SEIZED,ACCOUNT_SEIZED,ACCOUNT_SEIZED,ACCOUNT_SEIZED
"Пришёл арест от ФССП, списали все средства. Оставили меньше прожиточного минимума — законно?",ACCOUNT_SEIZED,5,ACCOUNT_SEIZED,ACCOUNT_SEIZED,ACCOUNT_SEIZED,ACCOUNT_SEIZED
карта демагнитилась полоса не читается чип тоже даёт сбой,CARD_ISSUE,5,CARD_ISSUE,CARD_ISSUE,CARD_ISSUE,CARD_ISSUE
ночью операция в иностранном магазине я не платил,FRAUD_SUSPECTED,5,FRAUD_SUSPECTED,FRAUD_SUSPECTED,FRAUD_SUSPECTED,FRAUD_SUSPECTED
приходы от клиентов разворачиваются из-за блокировки просьба временно снять,ACCOUNT_SEIZED,5,ACCOUNT_SEIZED,ACCOUNT_SEIZED,ACCOUNT_SEIZED,ACCOUNT_SEIZED
срок действия истёк перевыпуск задерживается онлайн платежи не идут,CARD_ISSUE,1,CARD_ISSUE,CARD_ISSUE,CARD_ISSUE,CARD_ISSUE
кэшбэк завис уже 10 рабочих дней когда начислят,INCOMING_DELAY,1,INCOMING_DELAY,INCOMING_DELAY,INCOMING_DELAY,INCOMING_DELAY
реквизиты для оплаты постановления запрашивал ответа нет,ACCOUNT_SEIZED,1,ACCOUNT_SEIZED,ACCOUNT_SEIZED,ACCOUNT_SEIZED,ACCOUNT_SEIZED
капча распознаётся верно но система всё равно отвечает попробуйте позже,APP_LOGIN,2,APP_LOGIN,APP_LOGIN,APP_LOGIN,APP_LOGIN
экспорт выписки в csv создаёт пустой файл 0 байт,APP_TECH,1,APP_TECH,APP_TECH,APP_TECH,APP_TECH
получил ограничение операций по требованию органа нужен порядок действий,ACCOUNT_SEIZED,4,ACCOUNT_SEIZED,ACCOUNT_SEIZED,ACCOUNT_SEIZED,ACCOUNT_SEIZED
не пускает после смены телефона пишет «подтвердите устройство» push нет смс нет,APP_LOGIN,3,APP_LOGIN,APP_LOGIN,APP_LOGIN,APP_LOGIN
"Оплата коммуналки проваливается вечером, утром проходит. Сейчас снова не проходит.",PAYMENT_OUT_FAIL,2,PAYMENT_OUT_FAIL,PAYMENT_OUT_FAIL,PAYMENT_OUT_FAIL,PAYMENT_OUT_FAIL
"веб работает, мобильное пишет «аккаунт не найден», данные те же",APP_LOGIN,1,APP_LOGIN,APP_LOGIN,APP_LOGIN,APP_LOGIN
SEPA из Германии обычно день сейчас второй день пусто,INCOMING_DELAY,2,INCOMING_DELAY,INCOMING_DELAY,INCOMING_DELAY,INCOMING_DELAY
"captcha не отображается из-за блокировщика, без неё не авторизоваться",APP_LOGIN,4,CARD_ISSUE,CARD_ISSUE,CARD_ISSUE,APP_LOGIN
Зарплата обычно утром сегодня уже вечер а денег нет проверьте,INCOMING_DELAY,4,INCOMING_DELAY,INCOMING_DELAY,INCOMING_DELAY,INCOMING_DELAY
гражданство сменилось отправил документы но статус не обновляется,KYC_VERIFICATION,3,KYC_VERIFICATION,KYC_VERIFICATION,KYC_VERIFICATION,KYC_VERIFICATION
пополнение брокера rejected по правилам банка почему,PAYMENT_OUT_FAIL,2,PAYMENT_OUT_FAIL,PAYMENT_OUT_FAIL,PAYMENT_OUT_FAIL,PAYMENT_OUT_FAIL
перевод на карту втб отклонен лимит превышен но лимит еще далеко,PAYMENT_OUT_FAIL,3,PAYMENT_OUT_FAIL,PAYMENT_OUT_FAIL,PAYMENT_OUT_FAIL,PAYMENT_OUT_FAIL
видео идентификация обрывается на 30 секунде повторите позже,KYC_VERIFICATION,5,KYC_VERIFICATION,KYC_VERIFICATION,KYC_VERIFICATION,KYC_VERIFICATION
оставили меньше прожиточного минимума разъясните порядок,ACCOUNT_SEIZED,2,ACCOUNT_SEIZED,ACCOUNT_SEIZED,ACCOUNT_SEIZED,ACCOUNT_SEIZED
сканер QR не стартует доступ к камере выдан,APP_TECH,1,APP_TECH,APP_TECH,APP_TECH,APP_TECH
Слишком много попыток входа (429). Как снять блокировку и войти?,APP_LOGIN,3,APP_LOGIN,APP_LOGIN,APP_LOGIN,APP_LOGIN
лимиты изменены без меня подозреваю компрометацию,FRAUD_SUSPECTED,1,FRAUD_SUSPECTED,FRAUD_SUSPECTED,FRAUD_SUSPECTED,FRAUD_SUSPECTED
попытались оформить кредит на меня уведомление пришло я не подавал,FRAUD_SUSPECTED,1,FRAUD_SUSPECTED,FRAUD_SUSPECTED,FRAUD_SUSPECTED,FRAUD_SUSPECTED
привязка к gpay/apple pay не завершается ошибка,CARD_ISSUE,2,APP_TECH,APP_TECH,APP_TECH,APP_TECH
115 фз проверка источник средств операции остановлены список документов,ACCOUNT_SEIZED,1,ACCOUNT_SEIZED,ACCOUNT_SEIZED,ACCOUNT_SEIZED,ACCOUNT_SEIZED
двойная операция после nfc оплатил один раз а списаний два,FRAUD_SUSPECTED,1,FRAUD_SUSPECTED,FRAUD_SUSPECTED,FRAUD_SUSPECTED,FRAUD_SUSPECTED
лимиты на карте изменились без меня подозреваю компрометацию,FRAUD_SUSPECTED,3,FRAUD_SUSPECTED,FRAUD_SUSPECTED,FRAUD_SUSPECTED,FRAUD_SUSPECTED
кэшбэк до 5 рабочих дней прошло 9 ничего не начислено,INCOMING_DELAY,3,INCOMING_DELAY,INCOMING_DELAY,INCOMING_DELAY,INCOMING_DELAY
смена PIN не сохраняется «операция отклонена»,CARD_ISSUE,5,KYC_VERIFICATION,KYC_VERIFICATION,CARD_ISSUE,CARD_ISSUE
оплата подписки в store просит другую карту не проходит,PAYMENT_OUT_FAIL,1,PAYMENT_OUT_FAIL,PAYMENT_OUT_FAIL,PAYMENT_OUT_FAIL,PAYMENT_OUT_FAIL
реестр зарплаты загружен начисления мне не пришли,INCOMING_DELAY,4,INCOMING_DELAY,INCOMING_DELAY,INCOMING_DELAY,INCOMING_DELAY
"Дублирование списания после NFC-оплаты, две одинаковые суммы. Отмените одну.",FRAUD_SUSPECTED,5,FRAUD_SUSPECTED,FRAUD_SUSPECTED,FRAUD_SUSPECTED,FRAUD_SUSPECTED
"Не работает сканер QR: пишет «нет доступа к камере», разрешения выданы.",APP_TECH,3,APP_TECH,APP_TECH,APP_TECH,APP_TECH
видеозвонок обрывается на 15 секунде просит повторить без конца,KYC_VERIFICATION,3,KYC_VERIFICATION,KYC_VERIFICATION,KYC_VERIFICATION,KYC_VERIFICATION
терминалы часто отказывают с первого раза оплата проходит со второй,CARD_ISSUE,5,CARD_ISSUE,CARD_ISSUE,CARD_ISSUE,CARD_ISSUE
KYC на паузе 48 часов: статус «проверка». Можно ускорить? Нужны сроки.,KYC_VERIFICATION,5,KYC_VERIFICATION,KYC_VERIFICATION,KYC_VERIFICATION,KYC_VERIFICATION
"С карты списали 2 раза по 300 руб «Parking», чек один. Нужна корректировка.",FRAUD_SUSPECTED,4,FRAUD_SUSPECTED,FRAUD_SUSPECTED,FRAUD_SUSPECTED,FRAUD_SUSPECTED
приложение после логина пишет сессия истекла и выкидывает,APP_LOGIN,4,APP_LOGIN,APP_LOGIN,APP_LOGIN,APP_LOGIN
после логина белый экран и назад на ввод пароля,APP_LOGIN,5,APP_LOGIN,APP_LOGIN,APP_LOGIN,APP_LOGIN
возврат депозита брокером обещали вчера но на счёте пусто,INCOMING_DELAY,1,INCOMING_DELAY,INCOMING_DELAY,INCOMING_DELAY,INCOMING_DELAY
"Оплата налога по УИН отклонена: «получатель недоступен». УИН верный, что делать?",PAYMENT_OUT_FAIL,3,PAYMENT_OUT_FAIL,PAYMENT_OUT_FAIL,PAYMENT_OUT_FAIL,PAYMENT_OUT_FAIL
карта не читается в терминале чип поврежден срочно перевыпуск,CARD_ISSUE,4,CARD_ISSUE,CARD_ISSUE,CARD_ISSUE,CARD_ISSUE
фильтр дат не сохраняется сбрасывается после закрытия,APP_TECH,4,CARD_ISSUE,CARD_ISSUE,CARD_ISSUE,CARD_ISSUE
шаблоны платежей пропали после обновления нужна восстановление,APP_TECH,5,APP_TECH,APP_TECH,APP_TECH,APP_TECH
"Оплата по СБП висит «в обработке» уже 2 часа, деньги не списаны.",PAYMENT_OUT_FAIL,5,PAYMENT_OUT_FAIL,PAYMENT_OUT_FAIL,PAYMENT_OUT_FAIL,PAYMENT_OUT_FAIL
"Двухфакторная через приложение-коды: генератор работает, но система не принимает код.",APP_LOGIN,5,APP_LOGIN,APP_LOGIN,APP_LOGIN,APP_LOGIN
возврат магазина оформлен 7 дней назад на счёте пусто,INCOMING_DELAY,3,INCOMING_DELAY,INCOMING_DELAY,INCOMING_DELAY,INCOMING_DELAY
сменил часовой пояс теперь пишет проверьте время после синхронизации тоже не пускает,APP_LOGIN,5,APP_LOGIN,APP_LOGIN,APP_LOGIN,APP_LOGIN
Поступление из маркетплейса обычно в день продажи сегодня так и нет.,INCOMING_DELAY,3,INCOMING_DELAY,INCOMING_DELAY,INCOMING_DELAY,INCOMING_DELAY
не принимает перевод имени транслитерация другая как правильно указать,KYC_VERIFICATION,2,PAYMENT_OUT_FAIL,PAYMENT_OUT_FAIL,PAYMENT_OUT_FAIL,PAYMENT_OUT_FAIL
приложение переустанавливал кэш чистил проблема осталась,APP_TECH,3,APP_LOGIN,APP_LOGIN,APP_LOGIN,APP_TECH
"push не приходит ни один, из-за этого не могу входить и подтверждать операции",APP_LOGIN,5,APP_LOGIN,APP_LOGIN,APP_LOGIN,APP_LOGIN
ночью операция в иностранном магазине я в это время не платил,FRAUD_SUSPECTED,1,FRAUD_SUSPECTED,FRAUD_SUSPECTED,FRAUD_SUSPECTED,FRAUD_SUSPECTED
пин блок после неверных попыток как сменить удаленно без офиса,CARD_ISSUE,3,APP_LOGIN,CARD_ISSUE,CARD_ISSUE,CARD_ISSUE
MRZ не считывается фото чёткое камера чистая как пройти,KYC_VERIFICATION,5,KYC_VERIFICATION,KYC_VERIFICATION,KYC_VERIFICATION,KYC_VERIFICATION
Email подтвержден но приложение требует старый номер,APP_LOGIN,2,APP_LOGIN,APP_LOGIN,APP_LOGIN,APP_LOGIN
Новая карта не активируется по телефону: автоответчик говорит «повторите позже». Что делать?,CARD_ISSUE,4,CARD_ISSUE,CARD_ISSUE,CARD_ISSUE,CARD_ISSUE
выходит ошибка 403 при входе с wi-fi через мобильный интернет пускает,APP_LOGIN,1,APP_LOGIN,APP_LOGIN,APP_LOGIN,APP_LOGIN
паспорт иностранный не принимается укажите поддерживаемые страны,KYC_VERIFICATION,1,KYC_VERIFICATION,KYC_VERIFICATION,KYC_VERIFICATION,KYC_VERIFICATION
бесконтактная не работает терминал просит вставить карта магнитная ок,CARD_ISSUE,2,CARD_ISSUE,CARD_ISSUE,CARD_ISSUE,CARD_ISSUE
"паспорт загрузил, пишет фото размыто, хотя все четко",KYC_VERIFICATION,5,KYC_VERIFICATION,KYC_VERIFICATION,KYC_VERIFICATION,KYC_VERIFICATION
приставы наложили арест уведомление не приходило нужны реквизиты оплаты,ACCOUNT_SEIZED,2,ACCOUNT_SEIZED,ACCOUNT_SEIZED,ACCOUNT_SEIZED,ACCOUNT_SEIZED
арест дублируется на двух счетах один оплачен снимите повтор,ACCOUNT_SEIZED,1,ACCOUNT_SEIZED,ACCOUNT_SEIZED,ACCOUNT_SEIZED,ACCOUNT_SEIZED
"веб пускает, мобильное через Wi-Fi даёт 403. Через LTE заходит.",APP_LOGIN,1,APP_LOGIN,APP_LOGIN,APP_LOGIN,APP_LOGIN
push включены в настройках но подтверждения входа не приходят,APP_LOGIN,4,APP_LOGIN,APP_LOGIN,APP_LOGIN,APP_LOGIN
регулярный платёж списался не полностью остаток висит,PAYMENT_OUT_FAIL,4,PAYMENT_OUT_FAIL,PAYMENT_OUT_FAIL,PAYMENT_OUT_FAIL,PAYMENT_OUT_FAIL
после загрузки ИНН статус меняется на проверка и так уже 3 дня,KYC_VERIFICATION,4,KYC_VERIFICATION,KYC_VERIFICATION,KYC_VERIFICATION,KYC_VERIFICATION
пришло смс с кодом входа я не входил закройте доступ,FRAUD_SUSPECTED,5,APP_LOGIN,APP_LOGIN,APP_LOGIN,FRAUD_SUSPECTED
встроенный 3DS-браузер висит на белом экране,APP_TECH,5,APP_TECH,APP_TECH,APP_TECH,APP_TECH
"Подписка «Music+» списалась три раза по 169 руб, оформлял один раз. Верните лишние списания.",FRAUD_SUSPECTED,3,FRAUD_SUSPECTED,FRAUD_SUSPECTED,FRAUD_SUSPECTED,FRAUD_SUSPECTED
перевод на карту другого банка отклонён лимит не превышен почему отказ,PAYMENT_OUT_FAIL,4,PAYMENT_OUT_FAIL,PAYMENT_OUT_FAIL,PAYMENT_OUT_FAIL,PAYMENT_OUT_FAIL
история операций пустая хотя вчера были движения,APP_TECH,2,PAYMENT_OUT_FAIL,PAYMENT_OUT_FAIL,PAYMENT_OUT_FAIL,PAYMENT_OUT_FAIL
перевод международный рубли в тенге не проходит ограничение по валюте,PAYMENT_OUT_FAIL,4,PAYMENT_OUT_FAIL,PAYMENT_OUT_FAIL,PAYMENT_OUT_FAIL,PAYMENT_OUT_FAIL
пластик выгнут терминалы иногда не читают прошу выпуск новой,CARD_ISSUE,4,CARD_ISSUE,CARD_ISSUE,CARD_ISSUE,CARD_ISSUE
поступление с маркетплейса обычно день в день сегодня нет,INCOMING_DELAY,3,INCOMING_DELAY,INCOMING_DELAY,INCOMING_DELAY,INCOMING_DELAY
"Добрый вечер, счёт заблокирован по требованию органа операции запрещены что делать?",ACCOUNT_SEIZED,2,ACCOUNT_SEIZED,ACCOUNT_SEIZED,ACCOUNT_SEIZED,ACCOUNT_SEIZED
SEPA с Кипра обычно приходит на следующий день сейчас третий,INCOMING_DELAY,4,INCOMING_DELAY,INCOMING_DELAY,INCOMING_DELAY,INCOMING_DELAY
банкомат списал и не выдал наличные 10000 как вернуть деньги и сколько ждать,CARD_ISSUE,2,CARD_ISSUE,CARD_ISSUE,CARD_ISSUE,CARD_ISSUE
подписал согласие на проверку данных в приложении но кнопка отправить не активна,KYC_VERIFICATION,2,APP_TECH,APP_TECH,APP_TECH,APP_TECH
частичный возврат пришёл вторая часть не пришла уже неделю,INCOMING_DELAY,1,INCOMING_DELAY,INCOMING_DELAY,INCOMING_DELAY,INCOMING_DELAY
"Сняли операции по аресту, но реквизитов для оплаты постановления не прислали.",ACCOUNT_SEIZED,2,ACCOUNT_SEIZED,ACCOUNT_SEIZED,ACCOUNT_SEIZED,ACCOUNT_SEIZED
смена фамилии документы отправлены 6 дней статус «на проверке»,KYC_VERIFICATION,3,KYC_VERIFICATION,KYC_VERIFICATION,KYC_VERIFICATION,KYC_VERIFICATION
face id крутится бесконечно потом обратно на экран логина,APP_LOGIN,4,APP_LOGIN,APP_LOGIN,APP_LOGIN,APP_LOGIN
частичный возврат пришёл вторая часть висит без статуса,INCOMING_DELAY,5,INCOMING_DELAY,INCOMING_DELAY,INCOMING_DELAY,INCOMING_DELAY
арест ФССП без уведомления пришлите реквизиты для оплаты,ACCOUNT_SEIZED,3,ACCOUNT_SEIZED,ACCOUNT_SEIZED,ACCOUNT_SEIZED,ACCOUNT_SEIZED
арест счетов пришел ночью уведомлений не было как оплатить,ACCOUNT_SEIZED,2,CARD_ISSUE,CARD_ISSUE,CARD_ISSUE,ACCOUNT_SEIZED
нужен адрес куда направлять документы для разблокировки,ACCOUNT_SEIZED,5,ACCOUNT_SEIZED,ACCOUNT_SEIZED,ACCOUNT_SEIZED,ACCOUNT_SEIZED
"Оплата штрафа по УИН: «получатель недоступен», УИН проверен.",PAYMENT_OUT_FAIL,1,PAYMENT_OUT_FAIL,PAYMENT_OUT_FAIL,PAYMENT_OUT_FAIL,PAYMENT_OUT_FAIL
"Оплата сбережений на брокерский счёт: отказ без причины, вернулся холд.",PAYMENT_OUT_FAIL,3,PAYMENT_OUT_FAIL,PAYMENT_OUT_FAIL,PAYMENT_OUT_FAIL,PAYMENT_OUT_FAIL
CVV не отображается в приложении из-за этого не оплатить сервис,CARD_ISSUE,3,CARD_ISSUE,CARD_ISSUE,CARD_ISSUE,CARD_ISSUE
подозрительная активность ранним утром мелкие списания,FRAUD_SUSPECTED,4,FRAUD_SUSPECTED,FRAUD_SUSPECTED,FRAUD_SUSPECTED,FRAUD_SUSPECTED
"Требуется подтверждение через старое устройство, доступа к нему нет.",APP_LOGIN,5,APP_LOGIN,APP_LOGIN,APP_LOGIN,APP_LOGIN
перевод юрлицу отклонен из-за назначения платежа подскажите как правильно,PAYMENT_OUT_FAIL,5,PAYMENT_OUT_FAIL,PAYMENT_OUT_FAIL,PAYMENT_OUT_FAIL,PAYMENT_OUT_FAIL
"Зачисление кэшбэка «до 5 рабочих дней», прошло 8 — на счёте ноль.",INCOMING_DELAY,3,INCOMING_DELAY,INCOMING_DELAY,INCOMING_DELAY,INCOMING_DELAY
ошибка суммы списали больше чем в чеке верните,FRAUD_SUSPECTED,2,FRAUD_SUSPECTED,FRAUD_SUSPECTED,FRAUD_SUSPECTED,FRAUD_SUSPECTED
списание больше чем чек разница 97 рублей,FRAUD_SUSPECTED,3,FRAUD_SUSPECTED,FRAUD_SUSPECTED,FRAUD_SUSPECTED,FRAUD_SUSPECTED
"Приставы наложили арест, но уведомление не пришло. Подскажите номер для оплаты постановления.",ACCOUNT_SEIZED,3,ACCOUNT_SEIZED,ACCOUNT_SEIZED,ACCOUNT_SEIZED,ACCOUNT_SEIZED
при входе просит капчу но она не загружается как пройти,APP_LOGIN,2,APP_LOGIN,APP_LOGIN,APP_LOGIN,APP_LOGIN
видео идентификация обрывается на 20 секунде выдает повторите позже,KYC_VERIFICATION,3,KYC_VERIFICATION,KYC_VERIFICATION,KYC_VERIFICATION,KYC_VERIFICATION
Код подтверждения входа не приходит ни в смс ни в push уже 20 минут,APP_LOGIN,2,APP_LOGIN,APP_LOGIN,APP_LOGIN,APP_LOGIN
"Оплата сервиса по QR: «квитанция не найдена», код с сайта поставщика.",PAYMENT_OUT_FAIL,4,PAYMENT_OUT_FAIL,PAYMENT_OUT_FAIL,PAYMENT_OUT_FAIL,PAYMENT_OUT_FAIL
TLS-ошибка при подключении через общественный Wi-Fi,APP_TECH,4,APP_LOGIN,APP_LOGIN,APP_LOGIN,APP_LOGIN
в приложении отображаются две одинаковые карты одна серым что это,CARD_ISSUE,3,CARD_ISSUE,CARD_ISSUE,CARD_ISSUE,CARD_ISSUE
уведомления о поступлениях пропали в настройках всё включено,APP_TECH,3,APP_TECH,APP_TECH,APP_TECH,APP_TECH
"ввожу логин/пароль правильно, сразу 401 раньше входил без проблем",APP_LOGIN,2,APP_LOGIN,APP_LOGIN,APP_LOGIN,APP_LOGIN
карта заблокирована после подозрительной операции как разблокировать,CARD_ISSUE,5,CARD_ISSUE,CARD_ISSUE,CARD_ISSUE,CARD_ISSUE
карта треснула терминалы отказывают нужна срочная замена,CARD_ISSUE,5,CARD_ISSUE,CARD_ISSUE,CARD_ISSUE,CARD_ISSUE
включение входа по отпечатку даёт biometric api error,APP_TECH,2,APP_TECH,APP_TECH,APP_TECH,APP_TECH
"Регулярный платёж списался частично, остаток висит «к исполнению».",PAYMENT_OUT_FAIL,1,PAYMENT_OUT_FAIL,PAYMENT_OUT_FAIL,PAYMENT_OUT_FAIL,PAYMENT_OUT_FAIL
куда направлять квитанцию об оплате постановления,ACCOUNT_SEIZED,1,ACCOUNT_SEIZED,ACCOUNT_SEIZED,ACCOUNT_SEIZED,ACCOUNT_SEIZED
ограничение операций пока идет kyc как платить коммуналку,ACCOUNT_SEIZED,2,ACCOUNT_SEIZED,ACCOUNT_SEIZED,ACCOUNT_SEIZED,ACCOUNT_SEIZED
"Перевод из маркетплейса обычно приходит в день продажи, сегодня не пришёл.",INCOMING_DELAY,3,INCOMING_DELAY,INCOMING_DELAY,INCOMING_DELAY,INCOMING_DELAY
"веб ок, мобильное пишет «аккаунт не найден», логин тот же",APP_LOGIN,2,APP_LOGIN,APP_LOGIN,APP_LOGIN,APP_LOGIN
новая карта не активируется автоответчик сбрасывает звонок,CARD_ISSUE,4,CARD_ISSUE,CARD_ISSUE,CARD_ISSUE,CARD_ISSUE
экспорт выписки в CSV создаёт пустой файл 0 байт,APP_TECH,1,APP_TECH,APP_TECH,APP_TECH,APP_TECH
встроенный браузер для 3ds висит на белом экране,APP_TECH,3,APP_TECH,APP_TECH,APP_TECH,APP_TECH
"Включил двухфакторную, теперь вход недоступен без push, а push не приходит. Как войти?",APP_LOGIN,4,APP_LOGIN,APP_LOGIN,APP_LOGIN,APP_LOGIN
возврат по спорной операции согласован но денег нет 5 день,INCOMING_DELAY,5,INCOMING_DELAY,INCOMING_DELAY,INCOMING_DELAY,INCOMING_DELAY
карта отказывает в магазинах пишет проверка соответствия почему,ACCOUNT_SEIZED,4,ACCOUNT_SEIZED,ACCOUNT_SEIZED,ACCOUNT_SEIZED,ACCOUNT_SEIZED
зарплата не пришла хотя бухгалтер отправил ведомость утром у коллег уже зачислено у меня нет,INCOMING_DELAY,1,INCOMING_DELAY,INCOMING_DELAY,INCOMING_DELAY,INCOMING_DELAY
"Веб-кабинет пускает, мобильное — пишет «аккаунт не найден».",APP_LOGIN,5,APP_LOGIN,APP_LOGIN,APP_LOGIN,APP_LOGIN
3-D Secure не грузится платёж отменяется магазин пишет пробуйте позже,PAYMENT_OUT_FAIL,1,PAYMENT_OUT_FAIL,PAYMENT_OUT_FAIL,PAYMENT_OUT_FAIL,PAYMENT_OUT_FAIL
документы отправил неделю назад статус на рассмотрении как ускорить,ACCOUNT_SEIZED,4,KYC_VERIFICATION,KYC_VERIFICATION,ACCOUNT_SEIZED,ACCOUNT_SEIZED
бесконтактная не работает терминал просит вставить карту полоса ок,CARD_ISSUE,1,CARD_ISSUE,CARD_ISSUE,CARD_ISSUE,CARD_ISSUE
номер карты виден CVV скрыт кнопка показать не работает,CARD_ISSUE,2,CARD_ISSUE,CARD_ISSUE,CARD_ISSUE,CARD_ISSUE
"Зачисление от работодателя обычно утром, сегодня тишина до вечера. Проверьте, пожалуйста.",INCOMING_DELAY,5,INCOMING_DELAY,INCOMING_DELAY,INCOMING_DELAY,INCOMING_DELAY
лимит на снятие наличных слишком мал банкомат отказал как временно поднять,CARD_ISSUE,3,CARD_ISSUE,CARD_ISSUE,CARD_ISSUE,CARD_ISSUE
в приложении вижу вход с неизвестного устройства закройте доступ,FRAUD_SUSPECTED,2,FRAUD_SUSPECTED,FRAUD_SUSPECTED,FRAUD_SUSPECTED,FRAUD_SUSPECTED
блокировка по 115 фз бизнес стоит какие документы нужны для разблокировки,ACCOUNT_SEIZED,2,ACCOUNT_SEIZED,ACCOUNT_SEIZED,ACCOUNT_SEIZED,ACCOUNT_SEIZED
"Пуши о поступлениях перестали приходить, в настройках уведомления включены. Исправьте.",APP_TECH,1,APP_TECH,APP_TECH,APP_TECH,APP_TECH
подозрительная активность в 3 ночи операции мелкими суммами,FRAUD_SUSPECTED,4,ACCOUNT_SEIZED,ACCOUNT_SEIZED,ACCOUNT_SEIZED,FRAUD_SUSPECTED
поступление процентов по накопительному счёту задерживается,INCOMING_DELAY,4,INCOMING_DELAY,INCOMING_DELAY,INCOMING_DELAY,INCOMING_DELAY
история операций пустая хотя были движения вчера,APP_TECH,2,PAYMENT_OUT_FAIL,INCOMING_DELAY,PAYMENT_OUT_FAIL,PAYMENT_OUT_FAIL
Анкета KYC не сохраняется: «несовпадение даты рождения». Дата верная.,KYC_VERIFICATION,3,KYC_VERIFICATION,KYC_VERIFICATION,KYC_VERIFICATION,KYC_VERIFICATION
пин заблокирован после трех неверных попыток сменить онлайн,CARD_ISSUE,5,CARD_ISSUE,CARD_ISSUE,CARD_ISSUE,CARD_ISSUE
после загрузки ИНН три дня висит на проверке без изменений,KYC_VERIFICATION,5,KYC_VERIFICATION,KYC_VERIFICATION,KYC_VERIFICATION,KYC_VERIFICATION
ограничение на исходящие и входящие прошу разъяснить,ACCOUNT_SEIZED,1,ACCOUNT_SEIZED,ACCOUNT_SEIZED,ACCOUNT_SEIZED,ACCOUNT_SEIZED
"Здравствуйте! Оплата коммуналки — «операция невозможна, попробуйте позже», пробовал 4 раза.",PAYMENT_OUT_FAIL,2,PAYMENT_OUT_FAIL,PAYMENT_OUT_FAIL,PAYMENT_OUT_FAIL,PAYMENT_OUT_FAIL
"Пароль верный, пишет «неверно». Ссылка на сброс приходит, но после смены снова ошибка.",APP_LOGIN,3,APP_LOGIN,APP_LOGIN,APP_LOGIN,APP_LOGIN
Здравствуйте! Слишком много попыток входа система пишет блок 24 часа можно ли снять,APP_LOGIN,4,APP_LOGIN,APP_LOGIN,APP_LOGIN,APP_LOGIN
анкета не сохраняется несоответствие даты рождения дата верная,KYC_VERIFICATION,4,KYC_VERIFICATION,KYC_VERIFICATION,KYC_VERIFICATION,KYC_VERIFICATION
после обновления 13.1 главный экран пустой баланс не грузится,APP_TECH,4,APP_TECH,APP_TECH,APP_TECH,APP_TECH
смена фамилии документы отправлены 5 дней статус на проверке,KYC_VERIFICATION,4,KYC_VERIFICATION,KYC_VERIFICATION,KYC_VERIFICATION,KYC_VERIFICATION
подписка на сервис о которой не знаю списывает 299 ежемесячно отключите,FRAUD_SUSPECTED,3,FRAUD_SUSPECTED,FRAUD_SUSPECTED,FRAUD_SUSPECTED,FRAUD_SUSPECTED
"после переустановки приложение просит подтвердить устройство, на почту ничего не приходит как войти",APP_LOGIN,1,APP_LOGIN,APP_LOGIN,APP_LOGIN,APP_LOGIN
карта деформирована согнута терминалы иногда не видят прошу перевыпуск,CARD_ISSUE,5,CARD_ISSUE,CARD_ISSUE,CARD_ISSUE,CARD_ISSUE
лимиты изменились без меня подозреваю взлом аккаунта,FRAUD_SUSPECTED,1,FRAUD_SUSPECTED,FRAUD_SUSPECTED,FRAUD_SUSPECTED,FRAUD_SUSPECTED
блокировка без причины чат пишет обратитесь в отделение,ACCOUNT_SEIZED,2,ACCOUNT_SEIZED,ACCOUNT_SEIZED,ACCOUNT_SEIZED,ACCOUNT_SEIZED
уведомление об аресте на почту в приложении пусто поясните,ACCOUNT_SEIZED,1,ACCOUNT_SEIZED,ACCOUNT_SEIZED,ACCOUNT_SEIZED,ACCOUNT_SEIZED
Ошибка 429 слишком много попыток как снять блокировку,APP_LOGIN,1,APP_LOGIN,APP_LOGIN,APP_LOGIN,APP_LOGIN
swift eur отправлен 4 дня назад статус неизвестен,INCOMING_DELAY,1,INCOMING_DELAY,INCOMING_DELAY,INCOMING_DELAY,INCOMING_DELAY
оставили меньше прожиточного как вернуть часть средств,ACCOUNT_SEIZED,3,ACCOUNT_SEIZED,ACCOUNT_SEIZED,ACCOUNT_SEIZED,ACCOUNT_SEIZED
двойное списание в кафе чек один верните лишнее,FRAUD_SUSPECTED,3,FRAUD_SUSPECTED,FRAUD_SUSPECTED,FRAUD_SUSPECTED,FRAUD_SUSPECTED
в телеграме прислали ссылку похожую на банк я ввел логин и пароль,FRAUD_SUSPECTED,4,APP_LOGIN,APP_LOGIN,APP_LOGIN,APP_LOGIN
Сброс пин-кода невозможен потому что нужна авторизация замкнутый круг,APP_LOGIN,1,APP_LOGIN,APP_LOGIN,APP_LOGIN,APP_LOGIN
ошибка 401 сразу после ввода логина/пароля раньше пускало,APP_LOGIN,2,APP_LOGIN,APP_LOGIN,APP_LOGIN,APP_LOGIN
указали неверный статус налогоплательщика из-за этого ограничения что делать,ACCOUNT_SEIZED,5,ACCOUNT_SEIZED,ACCOUNT_SEIZED,ACCOUNT_SEIZED,ACCOUNT_SEIZED
"забыл пин на вход, кнопка «забыли?» серого цвета",APP_LOGIN,5,APP_LOGIN,APP_LOGIN,APP_LOGIN,APP_LOGIN
перевод от родственника из вашего банка идёт слишком долго,INCOMING_DELAY,4,INCOMING_DELAY,INCOMING_DELAY,INCOMING_DELAY,INCOMING_DELAY
pdf выписки не открываются пишет файл поврежден,APP_TECH,4,APP_TECH,APP_TECH,APP_TECH,APP_TECH
срок действия вышел перевыпуск не пришел а онлайн платежи не идут,CARD_ISSUE,4,CARD_ISSUE,CARD_ISSUE,CARD_ISSUE,CARD_ISSUE
пришло уведомление о комплаенс проверке как ускорить рассмотрение,ACCOUNT_SEIZED,3,KYC_VERIFICATION,ACCOUNT_SEIZED,ACCOUNT_SEIZED,ACCOUNT_SEIZED
двойной залог в отеле заблокировали больше чем надо,FRAUD_SUSPECTED,3,FRAUD_SUSPECTED,FRAUD_SUSPECTED,FRAUD_SUSPECTED,FRAUD_SUSPECTED
перевёл по ссылке «знакомому» оказался мошенник можно ли отменить операцию?,FRAUD_SUSPECTED,2,FRAUD_SUSPECTED,FRAUD_SUSPECTED,FRAUD_SUSPECTED,FRAUD_SUSPECTED
хочу временно поднять лимит на снятие банкомат отказал,CARD_ISSUE,4,CARD_ISSUE,CARD_ISSUE,CARD_ISSUE,CARD_ISSUE
перевод по СБП 18 000 висит «обрабатывается» второй час деньги не списаны,PAYMENT_OUT_FAIL,5,PAYMENT_OUT_FAIL,PAYMENT_OUT_FAIL,PAYMENT_OUT_FAIL,PAYMENT_OUT_FAIL
покупка через онлайн кошелёк прошла дважды чек один,FRAUD_SUSPECTED,4,FRAUD_SUSPECTED,FRAUD_SUSPECTED,FRAUD_SUSPECTED,FRAUD_SUSPECTED
кэшбэк задерживается уже 8 рабочих дней когда будет,INCOMING_DELAY,1,INCOMING_DELAY,INCOMING_DELAY,INCOMING_DELAY,INCOMING_DELAY
поступление кредита одобрено но деньги не пришли уже 2 дня,INCOMING_DELAY,4,INCOMING_DELAY,INCOMING_DELAY,INCOMING_DELAY,INCOMING_DELAY
перевод на номер ушёл не на того однофамилец как отменить,PAYMENT_OUT_FAIL,5,PAYMENT_OUT_FAIL,PAYMENT_OUT_FAIL,PAYMENT_OUT_FAIL,PAYMENT_OUT_FAIL
попытались оформить на меня кредит я не подавал,FRAUD_SUSPECTED,3,FRAUD_SUSPECTED,FRAUD_SUSPECTED,FRAUD_SUSPECTED,FRAUD_SUSPECTED
звонили представились безопасностью просили код я не говорил,FRAUD_SUSPECTED,4,FRAUD_SUSPECTED,FRAUD_SUSPECTED,FRAUD_SUSPECTED,FRAUD_SUSPECTED
просят доп документы о доходах какой формат и размер файла,KYC_VERIFICATION,5,KYC_VERIFICATION,KYC_VERIFICATION,KYC_VERIFICATION,KYC_VERIFICATION
после ввода кода push кнопка подтвердить не нажимается,APP_LOGIN,3,APP_LOGIN,APP_LOGIN,APP_LOGIN,APP_LOGIN
возврат депозита брокером обещан вчера денег нет,INCOMING_DELAY,3,INCOMING_DELAY,INCOMING_DELAY,INCOMING_DELAY,INCOMING_DELAY
платеж на карту втб пишет лимит превышен это не так,PAYMENT_OUT_FAIL,5,PAYMENT_OUT_FAIL,PAYMENT_OUT_FAIL,PAYMENT_OUT_FAIL,PAYMENT_OUT_FAIL
заморозка счета бизнеса не можем платить налоги что нужно,ACCOUNT_SEIZED,5,ACCOUNT_SEIZED,ACCOUNT_SEIZED,ACCOUNT_SEIZED,ACCOUNT_SEIZED
аккаунт помечен службой безопасности куда грузить объяснения,ACCOUNT_SEIZED,5,ACCOUNT_SEIZED,ACCOUNT_SEIZED,ACCOUNT_SEIZED,ACCOUNT_SEIZED
"Перевод USD через SWIFT: вернулись средства за вычетом комиссии, нужна причина.",PAYMENT_OUT_FAIL,5,PAYMENT_OUT_FAIL,PAYMENT_OUT_FAIL,PAYMENT_OUT_FAIL,PAYMENT_OUT_FAIL
Зарплата обычно утром сегодня до вечера не пришла проверьте,INCOMING_DELAY,3,INCOMING_DELAY,INCOMING_DELAY,INCOMING_DELAY,INCOMING_DELAY
перевод с другого банка был мгновенный сейчас уже 3 часа нет денег,INCOMING_DELAY,1,INCOMING_DELAY,INCOMING_DELAY,INCOMING_DELAY,INCOMING_DELAY
карта в магазинах отклоняется пишет «проверка соответствия» почему,ACCOUNT_SEIZED,4,ACCOUNT_SEIZED,ACCOUNT_SEIZED,ACCOUNT_SEIZED,ACCOUNT_SEIZED
просят документ подтверждения адреса живу по договору найма что подойдёт,KYC_VERIFICATION,3,KYC_VERIFICATION,KYC_VERIFICATION,KYC_VERIFICATION,KYC_VERIFICATION
ИНН вводится правильно система ругается формат невалидный,KYC_VERIFICATION,2,KYC_VERIFICATION,KYC_VERIFICATION,KYC_VERIFICATION,KYC_VERIFICATION
операция запрещена даже внутри банка это из-за ареста,ACCOUNT_SEIZED,4,ACCOUNT_SEIZED,ACCOUNT_SEIZED,ACCOUNT_SEIZED,ACCOUNT_SEIZED
"Оплата коммуналки: «операция невозможна, попробуйте позже», пробовал 5 раз.",PAYMENT_OUT_FAIL,5,PAYMENT_OUT_FAIL,PAYMENT_OUT_FAIL,PAYMENT_OUT_FAIL,PAYMENT_OUT_FAIL
платежный календарь показывает неверные даты списаний,APP_TECH,4,APP_TECH,APP_TECH,APP_TECH,APP_TECH
"переустановка, очистка кэша не помогли проблема осталась",APP_TECH,3,APP_TECH,APP_TECH,APP_TECH,APP_TECH
комплаенс запросил выписки прислал ответ «недостаточно» что ещё,ACCOUNT_SEIZED,1,ACCOUNT_SEIZED,ACCOUNT_SEIZED,ACCOUNT_SEIZED,ACCOUNT_SEIZED
новая карта не активируется по телефону автоответчик сбрасывает,CARD_ISSUE,1,CARD_ISSUE,CARD_ISSUE,CARD_ISSUE,CARD_ISSUE
кнопка «Отправить» в чате поддержки не активна,APP_TECH,4,APP_TECH,APP_TECH,APP_TECH,APP_TECH
приходят одноразовые коды без запроса возможно утечка,FRAUD_SUSPECTED,3,FRAUD_SUSPECTED,FRAUD_SUSPECTED,FRAUD_SUSPECTED,FRAUD_SUSPECTED
выплата страховой переносится третий день нет денег,INCOMING_DELAY,2,INCOMING_DELAY,INCOMING_DELAY,INCOMING_DELAY,INCOMING_DELAY
перевод от клиента из другого банка ушёл у него скрин есть у меня тишина,INCOMING_DELAY,2,INCOMING_DELAY,INCOMING_DELAY,INCOMING_DELAY,INCOMING_DELAY
терминалы часто отказывают оплата проходит со второй попытки,CARD_ISSUE,1,CARD_ISSUE,CARD_ISSUE,CARD_ISSUE,CARD_ISSUE
веб шустрый мобильное приложение тормозит листать невозможно,APP_TECH,5,APP_LOGIN,APP_LOGIN,APP_TECH,APP_TECH
СБП — «банк получателя недоступен». Утро/вечер одинаково.,PAYMENT_OUT_FAIL,1,PAYMENT_OUT_FAIL,PAYMENT_OUT_FAIL,PAYMENT_OUT_FAIL,PAYMENT_OUT_FAIL
платеж на карту другого банка отклонён лимит не превышен почему отказ,PAYMENT_OUT_FAIL,1,PAYMENT_OUT_FAIL,PAYMENT_OUT_FAIL,PAYMENT_OUT_FAIL,PAYMENT_OUT_FAIL
после смены налогового статуса пришла заморозка какие бумаги нужны,ACCOUNT_SEIZED,3,ACCOUNT_SEIZED,ACCOUNT_SEIZED,ACCOUNT_SEIZED,ACCOUNT_SEIZED
межбанк юрлицу вернулся из-за назначения платежа подскажите формулировку,PAYMENT_OUT_FAIL,1,PAYMENT_OUT_FAIL,PAYMENT_OUT_FAIL,PAYMENT_OUT_FAIL,PAYMENT_OUT_FAIL
просят доп документы о доходах какой размер файлов и формат,KYC_VERIFICATION,2,KYC_VERIFICATION,KYC_VERIFICATION,KYC_VERIFICATION,KYC_VERIFICATION
"Сменил оператора, теперь при входе «подтвердите устройство». Ничего не приходит.",APP_LOGIN,3,APP_LOGIN,APP_LOGIN,APP_LOGIN,APP_LOGIN
PIN заблокирован после ошибок как сменить удалённо,CARD_ISSUE,4,CARD_ISSUE,CARD_ISSUE,CARD_ISSUE,CARD_ISSUE
платеж от страховой завис статус неизвестен средств нет,INCOMING_DELAY,5,INCOMING_DELAY,INCOMING_DELAY,INCOMING_DELAY,INCOMING_DELAY
поступление от страховой обещали вчера средств нет,INCOMING_DELAY,5,INCOMING_DELAY,INCOMING_DELAY,INCOMING_DELAY,INCOMING_DELAY
сняли все деньги осталось меньше прожиточного минимума законно ли,ACCOUNT_SEIZED,3,ACCOUNT_SEIZED,ACCOUNT_SEIZED,ACCOUNT_SEIZED,ACCOUNT_SEIZED
покупка прошла дважды дублирование отмените одну,FRAUD_SUSPECTED,4,FRAUD_SUSPECTED,FRAUD_SUSPECTED,FRAUD_SUSPECTED,FRAUD_SUSPECTED
"После очистки кэша просит подтвердить устройство, push не приходит, смс тоже.",APP_LOGIN,5,APP_LOGIN,APP_LOGIN,APP_LOGIN,APP_LOGIN
в истории операция из другого города устройство мне не знакомо,FRAUD_SUSPECTED,5,PAYMENT_OUT_FAIL,FRAUD_SUSPECTED,FRAUD_SUSPECTED,FRAUD_SUSPECTED
получил уведомление «операции ограничены по требованию органа» что делать,ACCOUNT_SEIZED,3,ACCOUNT_SEIZED,ACCOUNT_SEIZED,ACCOUNT_SEIZED,ACCOUNT_SEIZED
синхронизация профиля зависла данные не сохраняются,APP_TECH,3,APP_TECH,APP_TECH,APP_TECH,APP_TECH
экспорт выписки в csv создаёт пустой файл,APP_TECH,2,APP_TECH,APP_TECH,APP_TECH,APP_TECH
двухфакторка утеряна коды из приложения-генератора не подходят,APP_LOGIN,5,APP_LOGIN,APP_LOGIN,APP_LOGIN,APP_LOGIN
регулярка не сработала пишет недостаточно средств они были,PAYMENT_OUT_FAIL,5,APP_LOGIN,APP_LOGIN,PAYMENT_OUT_FAIL,PAYMENT_OUT_FAIL
Возврат от отеля обещали в течение 7 дней прошло 10 нет денег,INCOMING_DELAY,1,INCOMING_DELAY,INCOMING_DELAY,INCOMING_DELAY,INCOMING_DELAY
App Store не запрашивает 3DS и платёж падает сразу,PAYMENT_OUT_FAIL,2,PAYMENT_OUT_FAIL,PAYMENT_OUT_FAIL,PAYMENT_OUT_FAIL,PAYMENT_OUT_FAIL
ввожу корректный логин/пароль на вебе ок в приложении ошибка аутентификации 401,APP_LOGIN,1,APP_LOGIN,APP_LOGIN,APP_LOGIN,APP_LOGIN
видеоидентификация обрывается на 25 секунде просит повторить,KYC_VERIFICATION,5,KYC_VERIFICATION,KYC_VERIFICATION,KYC_VERIFICATION,KYC_VERIFICATION
аккаунт ограничен службой безопасности куда загружать подтверждающие документы,ACCOUNT_SEIZED,5,ACCOUNT_SEIZED,ACCOUNT_SEIZED,ACCOUNT_SEIZED,ACCOUNT_SEIZED
карта в магазинах отклоняется пишет проверка соответствия почему,ACCOUNT_SEIZED,3,ACCOUNT_SEIZED,ACCOUNT_SEIZED,ACCOUNT_SEIZED,ACCOUNT_SEIZED
в истории операция из другого города я там не был,FRAUD_SUSPECTED,5,PAYMENT_OUT_FAIL,FRAUD_SUSPECTED,FRAUD_SUSPECTED,FRAUD_SUSPECTED
вошел один раз после этого пишет сессия истекла и больше не пускает,APP_LOGIN,5,APP_LOGIN,APP_LOGIN,APP_LOGIN,APP_LOGIN
магнитная полоса не читается чип тоже даёт сбой,CARD_ISSUE,2,CARD_ISSUE,CARD_ISSUE,CARD_ISSUE,CARD_ISSUE
реестр зарплаты выгружен у коллег деньги есть у меня нет почему,INCOMING_DELAY,5,INCOMING_DELAY,INCOMING_DELAY,INCOMING_DELAY,INCOMING_DELAY
к сервису привязалась пробная подписка сама списала полно стоимость,FRAUD_SUSPECTED,1,FRAUD_SUSPECTED,FRAUD_SUSPECTED,FRAUD_SUSPECTED,FRAUD_SUSPECTED
бесконтактная не работает терминал просит вставить карту,CARD_ISSUE,4,CARD_ISSUE,CARD_ISSUE,CARD_ISSUE,CARD_ISSUE
"Оплата в интернет-магазине: страница 3-D Secure не загружается, платёж отменяется.",PAYMENT_OUT_FAIL,2,PAYMENT_OUT_FAIL,PAYMENT_OUT_FAIL,PAYMENT_OUT_FAIL,PAYMENT_OUT_FAIL
оставили меньше прожиточного минимума прошу вернуть часть средств,ACCOUNT_SEIZED,5,ACCOUNT_SEIZED,ACCOUNT_SEIZED,ACCOUNT_SEIZED,ACCOUNT_SEIZED
оплата подписки не прошла в истории холд висит деньги не вернулись,PAYMENT_OUT_FAIL,3,PAYMENT_OUT_FAIL,PAYMENT_OUT_FAIL,PAYMENT_OUT_FAIL,PAYMENT_OUT_FAIL
"Оплата госпошлины по УИН: «получатель недоступен», проверено на портале — верный.",PAYMENT_OUT_FAIL,5,PAYMENT_OUT_FAIL,PAYMENT_OUT_FAIL,PAYMENT_OUT_FAIL,PAYMENT_OUT_FAIL
ошибка 504 при открытии каталога платежей повторяется,APP_TECH,5,APP_TECH,APP_TECH,APP_TECH,APP_TECH
"Паспорт загружается, но пишет «размытое фото». Фото чёткое, проверял.",KYC_VERIFICATION,4,KYC_VERIFICATION,KYC_VERIFICATION,KYC_VERIFICATION,KYC_VERIFICATION
лимит на снятие мал банкомат отказал как временно поднять,CARD_ISSUE,1,CARD_ISSUE,CARD_ISSUE,CARD_ISSUE,CARD_ISSUE
карта с дефектом корпус трещина терминалы отказывают,CARD_ISSUE,4,CARD_ISSUE,CARD_ISSUE,CARD_ISSUE,CARD_ISSUE
"SEPA из Испании отправлен, обычно на следующий день, сейчас третий день — пусто.",INCOMING_DELAY,5,INCOMING_DELAY,INCOMING_DELAY,INCOMING_DELAY,INCOMING_DELAY
возврат по спорной операции согласовали но денег нет 4 день,INCOMING_DELAY,1,INCOMING_DELAY,INCOMING_DELAY,INCOMING_DELAY,INCOMING_DELAY
физическая карта определяется как виртуальная терминалы отказывают,CARD_ISSUE,1,CARD_ISSUE,CARD_ISSUE,CARD_ISSUE,CARD_ISSUE
ввожу код из смс пишет просрочен приходит с задержкой,APP_LOGIN,5,APP_LOGIN,APP_LOGIN,APP_LOGIN,APP_LOGIN
карта не читается терминалом часто ошибку даёт нужна замена,CARD_ISSUE,5,CARD_ISSUE,CARD_ISSUE,CARD_ISSUE,CARD_ISSUE
требуется подтверждение назначения платежей для разблокировки дайте форму,ACCOUNT_SEIZED,5,ACCOUNT_SEIZED,ACCOUNT_SEIZED,ACCOUNT_SEIZED,ACCOUNT_SEIZED
нужен шаблон назначения платежей для разблокировки,ACCOUNT_SEIZED,4,ACCOUNT_SEIZED,ACCOUNT_SEIZED,ACCOUNT_SEIZED,ACCOUNT_SEIZED
зачисление по СБП обычно мгновенно сегодня нет уже час,INCOMING_DELAY,2,INCOMING_DELAY,INCOMING_DELAY,INCOMING_DELAY,INCOMING_DELAY
сессия истекает через секунду после входа и выбрасывает на экран авторизации,APP_LOGIN,3,APP_LOGIN,APP_LOGIN,APP_LOGIN,APP_LOGIN
«Операция запрещена» при переводе внутри банка — это из-за ограничений по делу?,ACCOUNT_SEIZED,5,ACCOUNT_SEIZED,ACCOUNT_SEIZED,ACCOUNT_SEIZED,ACCOUNT_SEIZED
после перевыпуска карта не активируется номер недоступен,CARD_ISSUE,1,CARD_ISSUE,CARD_ISSUE,CARD_ISSUE,CARD_ISSUE
сессия истекает сразу после входа и снова просит авторизацию,APP_LOGIN,4,APP_LOGIN,APP_LOGIN,APP_LOGIN,APP_LOGIN
"ошибка 403 через Wi-Fi, через LTE входит. Почему так?",APP_LOGIN,1,APP_TECH,APP_TECH,APP_TECH,APP_LOGIN
Возврат налога «отправлено в банк» третьи сутки тишина,INCOMING_DELAY,2,INCOMING_DELAY,INCOMING_DELAY,INCOMING_DELAY,INCOMING_DELAY
просит подтвердить через старую сим карту номера уже нет,APP_LOGIN,3,APP_LOGIN,APP_LOGIN,APP_LOGIN,APP_LOGIN
жалоба на ограничения подана тишина третий день,ACCOUNT_SEIZED,1,INCOMING_DELAY,INCOMING_DELAY,INCOMING_DELAY,ACCOUNT_SEIZED
перевод на номер телефона ушёл на другое имя как отменить сразу же,PAYMENT_OUT_FAIL,2,PAYMENT_OUT_FAIL,PAYMENT_OUT_FAIL,PAYMENT_OUT_FAIL,PAYMENT_OUT_FAIL
паспорт читался с ошибкой поля распознались неверно как исправить,KYC_VERIFICATION,3,KYC_VERIFICATION,KYC_VERIFICATION,KYC_VERIFICATION,KYC_VERIFICATION
перевод от родственника по СБП задерживается обычно мгновенно,INCOMING_DELAY,2,INCOMING_DELAY,INCOMING_DELAY,INCOMING_DELAY,INCOMING_DELAY
истек срок карты перевыпуск не доставлен онлайн падает,CARD_ISSUE,3,CARD_ISSUE,CARD_ISSUE,CARD_ISSUE,CARD_ISSUE
платёж за парковку списан дважды квитанция одна,FRAUD_SUSPECTED,3,FRAUD_SUSPECTED,FRAUD_SUSPECTED,FRAUD_SUSPECTED,FRAUD_SUSPECTED
зачисление по QR оплате не отразилось оплата прошла,INCOMING_DELAY,3,PAYMENT_OUT_FAIL,PAYMENT_OUT_FAIL,PAYMENT_OUT_FAIL,PAYMENT_OUT_FAIL
"Загружаю квитанцию о прописке, пишет «документ не принят». Формат PDF, всё читаемо.",KYC_VERIFICATION,4,KYC_VERIFICATION,KYC_VERIFICATION,KYC_VERIFICATION,KYC_VERIFICATION
перевел мошеннику можно ли отменить и вернуть деньги,FRAUD_SUSPECTED,2,FRAUD_SUSPECTED,FRAUD_SUSPECTED,FRAUD_SUSPECTED,FRAUD_SUSPECTED
регулярный платёж за интернет не списался хотя средства были,PAYMENT_OUT_FAIL,2,PAYMENT_OUT_FAIL,PAYMENT_OUT_FAIL,PAYMENT_OUT_FAIL,PAYMENT_OUT_FAIL
выплата страхового возмещения задерживается второй день,INCOMING_DELAY,5,INCOMING_DELAY,INCOMING_DELAY,INCOMING_DELAY,INCOMING_DELAY
виджет баланса показывает ноль на экране другая сумма,APP_TECH,2,APP_TECH,APP_TECH,APP_TECH,APP_TECH
почта подтверждена а приложение требует старую сим карту которой нет,APP_LOGIN,4,APP_LOGIN,APP_LOGIN,APP_LOGIN,APP_LOGIN
новый пластик приехал но не активируется автоответчик молчит,CARD_ISSUE,4,CARD_ISSUE,CARD_ISSUE,CARD_ISSUE,CARD_ISSUE
после банкомата серия мелких списаний проверьте,FRAUD_SUSPECTED,2,FRAUD_SUSPECTED,FRAUD_SUSPECTED,FRAUD_SUSPECTED,FRAUD_SUSPECTED
код из смс приходит с задержкой 12–15 минут не успеваю войти,APP_LOGIN,4,APP_LOGIN,APP_LOGIN,APP_LOGIN,APP_LOGIN
"межбанк физлицу вернулся «некорректный БИК», указал правильно",PAYMENT_OUT_FAIL,3,PAYMENT_OUT_FAIL,PAYMENT_OUT_FAIL,PAYMENT_OUT_FAIL,PAYMENT_OUT_FAIL
карта треснула терминалы часто отказывают нужна срочная замена,CARD_ISSUE,2,CARD_ISSUE,CARD_ISSUE,CARD_ISSUE,CARD_ISSUE
подписка списалась три раза по 199 не подключал отмените,FRAUD_SUSPECTED,1,FRAUD_SUSPECTED,FRAUD_SUSPECTED,FRAUD_SUSPECTED,FRAUD_SUSPECTED
новая карта не активируется звоню номер недоступен что делать,CARD_ISSUE,5,CARD_ISSUE,CARD_ISSUE,CARD_ISSUE,CARD_ISSUE
реестр зарплаты загрузили у меня на счете ноль,INCOMING_DELAY,3,INCOMING_DELAY,INCOMING_DELAY,INCOMING_DELAY,INCOMING_DELAY
платеж картой в офлайн терминале отменился но холд завис на всю сумму,PAYMENT_OUT_FAIL,4,PAYMENT_OUT_FAIL,PAYMENT_OUT_FAIL,PAYMENT_OUT_FAIL,CARD_ISSUE
"После смены пароля один раз пустило, затем снова «неверный пароль».",APP_LOGIN,3,APP_LOGIN,APP_LOGIN,APP_LOGIN,APP_LOGIN
видео с живостью загружается но пишет не прошли проверку,KYC_VERIFICATION,4,KYC_VERIFICATION,KYC_VERIFICATION,KYC_VERIFICATION,KYC_VERIFICATION
KYC отклонена без причины где посмотреть детали,KYC_VERIFICATION,4,KYC_VERIFICATION,KYC_VERIFICATION,KYC_VERIFICATION,KYC_VERIFICATION
перешел по письму подтвердите аккаунт ввел данные проверьте доступ,FRAUD_SUSPECTED,3,FRAUD_SUSPECTED,FRAUD_SUSPECTED,FRAUD_SUSPECTED,FRAUD_SUSPECTED
получаю одноразовые коды без запроса возможно утечка данных,FRAUD_SUSPECTED,5,FRAUD_SUSPECTED,FRAUD_SUSPECTED,FRAUD_SUSPECTED,FRAUD_SUSPECTED
ошибка токенизации при привязке к gpay/apple pay,CARD_ISSUE,3,CARD_ISSUE,CARD_ISSUE,CARD_ISSUE,CARD_ISSUE
Перевод 9 700 ? на карту другого банка завис на «обрабатывается» уже 2 часа. В истории пусто.,PAYMENT_OUT_FAIL,2,PAYMENT_OUT_FAIL,PAYMENT_OUT_FAIL,PAYMENT_OUT_FAIL,PAYMENT_OUT_FAIL
перевёл по qr знакомому оказался мошенник можно ли остановить,FRAUD_SUSPECTED,5,FRAUD_SUSPECTED,FRAUD_SUSPECTED,FRAUD_SUSPECTED,FRAUD_SUSPECTED
некорректно применён лимит на исходящие в связи с проверкой прошу уточнить,ACCOUNT_SEIZED,2,ACCOUNT_SEIZED,ACCOUNT_SEIZED,ACCOUNT_SEIZED,ACCOUNT_SEIZED
после смены налогового статуса пришла заморозка какие документы отправить,ACCOUNT_SEIZED,1,ACCOUNT_SEIZED,ACCOUNT_SEIZED,ACCOUNT_SEIZED,ACCOUNT_SEIZED
незнакомая подписка списывает 249 в месяц отключите,FRAUD_SUSPECTED,5,FRAUD_SUSPECTED,FRAUD_SUSPECTED,FRAUD_SUSPECTED,FRAUD_SUSPECTED
"Верификация устройства висит «ожидание» уже час, пуш ни разу не пришёл.",APP_LOGIN,2,PAYMENT_OUT_FAIL,PAYMENT_OUT_FAIL,PAYMENT_OUT_FAIL,APP_LOGIN
"Слишком много попыток, временно заблокировано. Сколько ждать и можно ли снять блок вручную?",APP_LOGIN,2,APP_LOGIN,APP_LOGIN,APP_LOGIN,APP_LOGIN
при входе в веб приходит push на телефон но на телефоне кнопка неактивна,APP_LOGIN,2,APP_LOGIN,APP_LOGIN,APP_LOGIN,APP_LOGIN
вид на жительство загружен система пишет неподходящий тип,KYC_VERIFICATION,5,KYC_VERIFICATION,KYC_VERIFICATION,KYC_VERIFICATION,KYC_VERIFICATION
ошибка токенизации при добавлении в кошелёк,CARD_ISSUE,3,APP_TECH,CARD_ISSUE,CARD_ISSUE,CARD_ISSUE
веб показывает авторизацию с нового устройства закройте все сессии,FRAUD_SUSPECTED,1,FRAUD_SUSPECTED,FRAUD_SUSPECTED,FRAUD_SUSPECTED,FRAUD_SUSPECTED
кнопка поделиться реквизитами не работает ничего не происходит,APP_TECH,1,APP_TECH,APP_TECH,APP_TECH,APP_TECH
"крутится «проверка безопасности», через минуту выкидывает назад",APP_LOGIN,4,ACCOUNT_SEIZED,ACCOUNT_SEIZED,ACCOUNT_SEIZED,ACCOUNT_SEIZED
переустановка и очистка кэша не помогли,APP_TECH,2,APP_TECH,APP_TECH,APP_TECH,APP_TECH
увидел чужой перевод на мой счёт потом списали обратно объясните что это было,FRAUD_SUSPECTED,1,ACCOUNT_SEIZED,PAYMENT_OUT_FAIL,PAYMENT_OUT_FAIL,ACCOUNT_SEIZED
карта потеряна пытаюсь заблокировать вечная загрузка помогите,CARD_ISSUE,2,CARD_ISSUE,CARD_ISSUE,CARD_ISSUE,CARD_ISSUE
доставка карты курьером перенесена уже три раза где статус,CARD_ISSUE,1,CARD_ISSUE,CARD_ISSUE,CARD_ISSUE,CARD_ISSUE
карта отображается как виртуальная хотя это физическая из-за этого отказы,CARD_ISSUE,2,CARD_ISSUE,CARD_ISSUE,CARD_ISSUE,CARD_ISSUE
подтверждение адреса если живу по договору найма что подойдёт,KYC_VERIFICATION,1,KYC_VERIFICATION,KYC_VERIFICATION,KYC_VERIFICATION,KYC_VERIFICATION
"Пароль сбросил, по ссылке зашёл, дальше 403.",APP_LOGIN,2,APP_LOGIN,APP_LOGIN,APP_LOGIN,APP_LOGIN
статус верификация отклонена без причины где детали,KYC_VERIFICATION,4,KYC_VERIFICATION,KYC_VERIFICATION,KYC_VERIFICATION,KYC_VERIFICATION
паспорт другой страны не принимается укажите допустимые,KYC_VERIFICATION,5,KYC_VERIFICATION,KYC_VERIFICATION,KYC_VERIFICATION,KYC_VERIFICATION
после проверки источника средств все операции остановлены почему,ACCOUNT_SEIZED,4,ACCOUNT_SEIZED,ACCOUNT_SEIZED,ACCOUNT_SEIZED,ACCOUNT_SEIZED
операция запрещена даже свой перевод внутри банка это из-за ареста,ACCOUNT_SEIZED,3,ACCOUNT_SEIZED,ACCOUNT_SEIZED,ACCOUNT_SEIZED,ACCOUNT_SEIZED
онлайн-оплата не проходит пишет карта неактивна,CARD_ISSUE,3,CARD_ISSUE,CARD_ISSUE,CARD_ISSUE,CARD_ISSUE
виртуальная карта исчезла из приложения оплата перестала проходить,CARD_ISSUE,3,CARD_ISSUE,CARD_ISSUE,CARD_ISSUE,CARD_ISSUE
Перевод по реквизитам юрлица отклонён: «несоответствие назначения». Как правильно указать?,PAYMENT_OUT_FAIL,4,PAYMENT_OUT_FAIL,PAYMENT_OUT_FAIL,PAYMENT_OUT_FAIL,PAYMENT_OUT_FAIL
статус kyc отклонено без пояснений как узнать причину,KYC_VERIFICATION,4,KYC_VERIFICATION,KYC_VERIFICATION,KYC_VERIFICATION,KYC_VERIFICATION
не получается войти через веб пишет пользователь не найден а в мобильном я авторизован,APP_LOGIN,3,APP_LOGIN,APP_LOGIN,APP_LOGIN,APP_LOGIN
снять наличные не получается банкомат пишет превышен лимит хотя нет,CARD_ISSUE,5,CARD_ISSUE,CARD_ISSUE,CARD_ISSUE,CARD_ISSUE
после смены налогового режима наложили ограничения нужны пояснения,ACCOUNT_SEIZED,1,ACCOUNT_SEIZED,ACCOUNT_SEIZED,ACCOUNT_SEIZED,ACCOUNT_SEIZED
статус KYC «отклонено» без пояснений где причины,KYC_VERIFICATION,3,KYC_VERIFICATION,KYC_VERIFICATION,KYC_VERIFICATION,KYC_VERIFICATION
перевод с карты на карту отказ эмитента у получателя другая карта работает,PAYMENT_OUT_FAIL,2,PAYMENT_OUT_FAIL,PAYMENT_OUT_FAIL,PAYMENT_OUT_FAIL,PAYMENT_OUT_FAIL
MRZ не считывается фото чёткое камера чистая,KYC_VERIFICATION,1,KYC_VERIFICATION,KYC_VERIFICATION,KYC_VERIFICATION,KYC_VERIFICATION
"Перевод по СБП возвращается: «банк получателя недоступен». Пробую с утра, без изменений.",PAYMENT_OUT_FAIL,5,PAYMENT_OUT_FAIL,PAYMENT_OUT_FAIL,PAYMENT_OUT_FAIL,PAYMENT_OUT_FAIL
уведомления о списаниях пропали настройки включены,APP_TECH,3,APP_TECH,APP_TECH,APP_TECH,APP_TECH
приложение зависает на главном экране баланс не подгружается,APP_TECH,2,APP_TECH,APP_TECH,APP_TECH,APP_TECH
после смены почты система не узнаёт логин как вернуть доступ,APP_LOGIN,1,APP_LOGIN,APP_LOGIN,APP_LOGIN,APP_LOGIN
Перевод по номеру телефона завис в обработке уже час.,PAYMENT_OUT_FAIL,4,PAYMENT_OUT_FAIL,PAYMENT_OUT_FAIL,PAYMENT_OUT_FAIL,PAYMENT_OUT_FAIL
поступление из маркетплейса обычно день в день сегодня нет,INCOMING_DELAY,4,INCOMING_DELAY,INCOMING_DELAY,INCOMING_DELAY,INCOMING_DELAY
кэшбэк до 5 рабочих прошло 9 ничего не начислили,INCOMING_DELAY,3,INCOMING_DELAY,INCOMING_DELAY,INCOMING_DELAY,INCOMING_DELAY
"Подтверждение адреса отклонено, хотя ЖКХ-счёт свежий. Что именно не так?",KYC_VERIFICATION,3,KYC_VERIFICATION,KYC_VERIFICATION,KYC_VERIFICATION,KYC_VERIFICATION
push для подтверждения входа не приходит уже третий день,APP_LOGIN,5,APP_LOGIN,APP_LOGIN,APP_LOGIN,APP_LOGIN
уведомления о платежах не приходят в настройках включены,APP_TECH,2,APP_LOGIN,APP_LOGIN,APP_LOGIN,APP_TECH
статус KYC отклонено без пояснений где посмотреть причину,KYC_VERIFICATION,3,KYC_VERIFICATION,KYC_VERIFICATION,KYC_VERIFICATION,KYC_VERIFICATION
Выписка показала списание 1 290 руб. «OnlShop*Media». Я в это время ничего не оплачивал. Верните.,FRAUD_SUSPECTED,2,FRAUD_SUSPECTED,FRAUD_SUSPECTED,FRAUD_SUSPECTED,FRAUD_SUSPECTED
арест наложен на два счета один уже оплачен снимите повтор,ACCOUNT_SEIZED,3,ACCOUNT_SEIZED,ACCOUNT_SEIZED,ACCOUNT_SEIZED,ACCOUNT_SEIZED
перевод внутри банка отклонён операция запрещена из-за ограничений,PAYMENT_OUT_FAIL,4,ACCOUNT_SEIZED,ACCOUNT_SEIZED,ACCOUNT_SEIZED,ACCOUNT_SEIZED
"Платёж на карту другого банка отклонён: «лимит превышен», лимит далеко не исчерпан.",PAYMENT_OUT_FAIL,2,PAYMENT_OUT_FAIL,PAYMENT_OUT_FAIL,PAYMENT_OUT_FAIL,PAYMENT_OUT_FAIL
TOTP рассинхрон как починить чтобы принимало коды,APP_LOGIN,5,APP_LOGIN,APP_LOGIN,APP_LOGIN,APP_LOGIN
Неизвестный вход из другого города. Я не заходил. Проверьте активные сессии и закройте.,FRAUD_SUSPECTED,1,FRAUD_SUSPECTED,FRAUD_SUSPECTED,FRAUD_SUSPECTED,FRAUD_SUSPECTED
загрузка документа завершается ошибкой 500,APP_TECH,3,APP_TECH,APP_TECH,APP_TECH,APP_TECH
SWIFT USD в пути пятый день где смотреть статус,INCOMING_DELAY,2,INCOMING_DELAY,INCOMING_DELAY,INCOMING_DELAY,INCOMING_DELAY
карта отображается дважды один серый профиль операции путаются,CARD_ISSUE,3,CARD_ISSUE,CARD_ISSUE,CARD_ISSUE,CARD_ISSUE
транслитерация имени не принимается какой формат нужен,KYC_VERIFICATION,3,KYC_VERIFICATION,KYC_VERIFICATION,KYC_VERIFICATION,KYC_VERIFICATION
ограничение без причин в приложении только обратитесь в банк,ACCOUNT_SEIZED,4,ACCOUNT_SEIZED,ACCOUNT_SEIZED,ACCOUNT_SEIZED,ACCOUNT_SEIZED
возврат депозита брокером обещан вчера деньги не поступили,INCOMING_DELAY,5,INCOMING_DELAY,INCOMING_DELAY,INCOMING_DELAY,INCOMING_DELAY
выписка показывает покупку ночью в зарубежном магазине я спал,FRAUD_SUSPECTED,2,FRAUD_SUSPECTED,FRAUD_SUSPECTED,FRAUD_SUSPECTED,FRAUD_SUSPECTED
начисление процентов по вкладу задерживается обычно 1 числа сегодня нет,INCOMING_DELAY,4,INCOMING_DELAY,INCOMING_DELAY,INCOMING_DELAY,INCOMING_DELAY
коды из смс приходят через 12 минут не успеваю,APP_LOGIN,2,APP_LOGIN,APP_LOGIN,APP_LOGIN,APP_LOGIN
в приложении вижу вход с неизвестного устройства удалите сессию,FRAUD_SUSPECTED,1,FRAUD_SUSPECTED,FRAUD_SUSPECTED,FRAUD_SUSPECTED,FRAUD_SUSPECTED
MRZ не считывается хотя фото четкое камера чистая,KYC_VERIFICATION,1,KYC_VERIFICATION,KYC_VERIFICATION,KYC_VERIFICATION,KYC_VERIFICATION
межбанк на юрлицо вернулся назначение платежа не принято подскажите формулировку,PAYMENT_OUT_FAIL,3,PAYMENT_OUT_FAIL,PAYMENT_OUT_FAIL,PAYMENT_OUT_FAIL,PAYMENT_OUT_FAIL
"push включены, уведомления для входа не приходят уже сутки",APP_LOGIN,4,APP_LOGIN,APP_LOGIN,APP_LOGIN,APP_LOGIN
лимит исходящих снижён из-за проверки прошу уточнить,ACCOUNT_SEIZED,2,ACCOUNT_SEIZED,ACCOUNT_SEIZED,ACCOUNT_SEIZED,ACCOUNT_SEIZED
двухфакторная включена а пуши не приходят почта пустая помочь войти,APP_LOGIN,3,APP_LOGIN,APP_LOGIN,APP_LOGIN,APP_LOGIN
карта на карту не проходит пишет банк получателя отказал,PAYMENT_OUT_FAIL,1,CARD_ISSUE,PAYMENT_OUT_FAIL,PAYMENT_OUT_FAIL,PAYMENT_OUT_FAIL
платеж в интернет-магазине падает на шаге 3d secure страница пустая,PAYMENT_OUT_FAIL,4,PAYMENT_OUT_FAIL,PAYMENT_OUT_FAIL,PAYMENT_OUT_FAIL,PAYMENT_OUT_FAIL
межбанк юрлицу вернулся из-за назначения платежа как правильно указать,PAYMENT_OUT_FAIL,3,PAYMENT_OUT_FAIL,PAYMENT_OUT_FAIL,PAYMENT_OUT_FAIL,PAYMENT_OUT_FAIL
"Функция входа по лицу перестала работать, просит пин, пин забыл",APP_LOGIN,2,APP_LOGIN,APP_LOGIN,APP_LOGIN,APP_LOGIN
при входе просит подтверждение на старом устройстве доступа нет,APP_LOGIN,4,APP_LOGIN,APP_LOGIN,APP_LOGIN,APP_LOGIN
нерезидент подскажите полный перечень допустимых документов,KYC_VERIFICATION,2,ACCOUNT_SEIZED,ACCOUNT_SEIZED,PAYMENT_OUT_FAIL,KYC_VERIFICATION
аккаунт помечен службой безопасности в приложении нет деталей,ACCOUNT_SEIZED,3,ACCOUNT_SEIZED,ACCOUNT_SEIZED,ACCOUNT_SEIZED,ACCOUNT_SEIZED
выписка показывает сервис подписки которого нет,FRAUD_SUSPECTED,3,FRAUD_SUSPECTED,FRAUD_SUSPECTED,FRAUD_SUSPECTED,FRAUD_SUSPECTED
подтверждение адреса отклонено квитанция жкх свежая почему,KYC_VERIFICATION,5,KYC_VERIFICATION,KYC_VERIFICATION,KYC_VERIFICATION,KYC_VERIFICATION
отмена покупки в онлайне оформлена средства не вернулись,INCOMING_DELAY,5,PAYMENT_OUT_FAIL,PAYMENT_OUT_FAIL,PAYMENT_OUT_FAIL,FRAUD_SUSPECTED
адрес подтверждения не приняли чек свежий и читаемый,KYC_VERIFICATION,2,KYC_VERIFICATION,KYC_VERIFICATION,KYC_VERIFICATION,KYC_VERIFICATION
не получается снять наличные банкомат пишет лимит исчерпан это не так,CARD_ISSUE,1,CARD_ISSUE,CARD_ISSUE,CARD_ISSUE,CARD_ISSUE
оплата подписки требует другую карту моя отклонена,PAYMENT_OUT_FAIL,5,PAYMENT_OUT_FAIL,PAYMENT_OUT_FAIL,PAYMENT_OUT_FAIL,PAYMENT_OUT_FAIL
оформился пробный период а списали полную стоимость отмените,FRAUD_SUSPECTED,3,FRAUD_SUSPECTED,FRAUD_SUSPECTED,FRAUD_SUSPECTED,FRAUD_SUSPECTED
нужен контакт ответственного отдела по ограничениям,ACCOUNT_SEIZED,5,ACCOUNT_SEIZED,ACCOUNT_SEIZED,ACCOUNT_SEIZED,ACCOUNT_SEIZED
арест ФССП без уведомления прошу реквизиты для оплаты,ACCOUNT_SEIZED,3,ACCOUNT_SEIZED,ACCOUNT_SEIZED,ACCOUNT_SEIZED,ACCOUNT_SEIZED
видеоидентификация обрывается на 18 секунде просит повторить,KYC_VERIFICATION,1,KYC_VERIFICATION,KYC_VERIFICATION,KYC_VERIFICATION,KYC_VERIFICATION
при входе пишет 403 доступ запрещен раньше все работало,APP_LOGIN,5,APP_LOGIN,APP_LOGIN,APP_LOGIN,APP_LOGIN
Оплата коммуналки операция невозможна попробуйте позже,PAYMENT_OUT_FAIL,3,PAYMENT_OUT_FAIL,PAYMENT_OUT_FAIL,PAYMENT_OUT_FAIL,PAYMENT_OUT_FAIL
пополнение внешнего кошелька отменено код mcc запрещен можно ли временно разрешить,PAYMENT_OUT_FAIL,3,FRAUD_SUSPECTED,FRAUD_SUSPECTED,FRAUD_SUSPECTED,FRAUD_SUSPECTED
нужно временно снять блок для оплаты аренды офис нельзя ждать,ACCOUNT_SEIZED,4,ACCOUNT_SEIZED,ACCOUNT_SEIZED,ACCOUNT_SEIZED,ACCOUNT_SEIZED
платеж прошел дважды нужно отменить один из них,FRAUD_SUSPECTED,5,FRAUD_SUSPECTED,FRAUD_SUSPECTED,FRAUD_SUSPECTED,FRAUD_SUSPECTED
входящие блокируются из-за ограничений нужно платить подрядчикам,ACCOUNT_SEIZED,1,ACCOUNT_SEIZED,ACCOUNT_SEIZED,ACCOUNT_SEIZED,ACCOUNT_SEIZED
после смены сим карта не привязана приложение не пускает,APP_LOGIN,1,APP_LOGIN,APP_LOGIN,APP_LOGIN,CARD_ISSUE
банкомат списал сумму но купюр не выдал нужен возврат,CARD_ISSUE,3,CARD_ISSUE,CARD_ISSUE,CARD_ISSUE,CARD_ISSUE
после обновления 12.5 вылетает при открытии раздела платежи,APP_TECH,3,APP_TECH,APP_TECH,APP_TECH,APP_TECH
Международный EUR: «IBAN неправильной длины». Проверили у банка получателя — верный.,PAYMENT_OUT_FAIL,2,PAYMENT_OUT_FAIL,PAYMENT_OUT_FAIL,PAYMENT_OUT_FAIL,PAYMENT_OUT_FAIL
"Карта не читается в терминале, чип повреждён. Как срочно перевыпустить без визита в офис?",CARD_ISSUE,3,CARD_ISSUE,CARD_ISSUE,CARD_ISSUE,CARD_ISSUE
верификация отклонена причина неверный документ но загружал паспорт новый,KYC_VERIFICATION,4,KYC_VERIFICATION,KYC_VERIFICATION,KYC_VERIFICATION,KYC_VERIFICATION
"Регулярный платёж ушёл дважды в один день, второй отменить.",PAYMENT_OUT_FAIL,4,PAYMENT_OUT_FAIL,PAYMENT_OUT_FAIL,PAYMENT_OUT_FAIL,PAYMENT_OUT_FAIL
платежи проходят только со второй попытки терминалы часто отказывают,CARD_ISSUE,1,CARD_ISSUE,CARD_ISSUE,CARD_ISSUE,CARD_ISSUE
входящее по реквизитам внутри банка зависло где проверить,INCOMING_DELAY,4,INCOMING_DELAY,INCOMING_DELAY,INCOMING_DELAY,INCOMING_DELAY
кэшбэк акция завершилась неделя назад начисления нет,INCOMING_DELAY,4,INCOMING_DELAY,INCOMING_DELAY,INCOMING_DELAY,INCOMING_DELAY
видео живости загрузилось но статус «не прошли проверку»,KYC_VERIFICATION,4,KYC_VERIFICATION,KYC_VERIFICATION,KYC_VERIFICATION,KYC_VERIFICATION
"Перевод по реквизитам ушёл, статус неизвестен, в истории пусто.",PAYMENT_OUT_FAIL,5,PAYMENT_OUT_FAIL,PAYMENT_OUT_FAIL,PAYMENT_OUT_FAIL,PAYMENT_OUT_FAIL
выписка показывает лишнее списание больше чем в чеке,FRAUD_SUSPECTED,2,FRAUD_SUSPECTED,FRAUD_SUSPECTED,FRAUD_SUSPECTED,FRAUD_SUSPECTED
карта заблокирована из-за подозрительной операции как разблокировать,CARD_ISSUE,4,CARD_ISSUE,CARD_ISSUE,CARD_ISSUE,CARD_ISSUE
новая карта не активируется по голосовому меню сразу сброс,CARD_ISSUE,2,CARD_ISSUE,CARD_ISSUE,CARD_ISSUE,CARD_ISSUE
экран истории операций пустой хотя вчера были движения,APP_TECH,2,APP_TECH,PAYMENT_OUT_FAIL,APP_TECH,APP_TECH
CVV в приложении не отображается из-за этого не оплатить,CARD_ISSUE,5,CARD_ISSUE,CARD_ISSUE,CARD_ISSUE,CARD_ISSUE
селфи живость не проходит пишет поверните голову я поворачиваю,KYC_VERIFICATION,4,KYC_VERIFICATION,KYC_VERIFICATION,KYC_VERIFICATION,KYC_VERIFICATION
ограничение операций без пояснений нужен контакт для разблокировки,ACCOUNT_SEIZED,2,ACCOUNT_SEIZED,ACCOUNT_SEIZED,ACCOUNT_SEIZED,ACCOUNT_SEIZED
"3-D Secure страница не открывается, браузер пишет «истёк срок ожидания».",PAYMENT_OUT_FAIL,2,PAYMENT_OUT_FAIL,PAYMENT_OUT_FAIL,PAYMENT_OUT_FAIL,PAYMENT_OUT_FAIL
в истории вход с нового устройства город не мой,FRAUD_SUSPECTED,2,FRAUD_SUSPECTED,FRAUD_SUSPECTED,FRAUD_SUSPECTED,FRAUD_SUSPECTED
"Перевод по СБП на 8 000 «в обработке» 2 часа, денег нет ни у меня, ни у получателя.",PAYMENT_OUT_FAIL,1,PAYMENT_OUT_FAIL,PAYMENT_OUT_FAIL,PAYMENT_OUT_FAIL,PAYMENT_OUT_FAIL
банкомат выдал ошибку захвата карта внутри как вернуть,CARD_ISSUE,2,CARD_ISSUE,CARD_ISSUE,CARD_ISSUE,CARD_ISSUE
смена фамилии документы отправил 4 день на проверке,KYC_VERIFICATION,4,KYC_VERIFICATION,KYC_VERIFICATION,KYC_VERIFICATION,KYC_VERIFICATION
карта просрочена перевыпуск задерживается онлайн платежи падают,CARD_ISSUE,4,CARD_ISSUE,CARD_ISSUE,CARD_ISSUE,CARD_ISSUE
доставка перевыпуска задерживается уже 10 дней где карта,CARD_ISSUE,5,INCOMING_DELAY,INCOMING_DELAY,INCOMING_DELAY,CARD_ISSUE
селфи не проходит проверьте мимику пробовал в разном свете,KYC_VERIFICATION,5,KYC_VERIFICATION,KYC_VERIFICATION,KYC_VERIFICATION,KYC_VERIFICATION
селфи отклонено из-за мимики что именно сделать чтобы приняли,KYC_VERIFICATION,1,KYC_VERIFICATION,KYC_VERIFICATION,KYC_VERIFICATION,KYC_VERIFICATION
не удаётся подтвердить почту письмо приходит без ссылки,APP_LOGIN,1,APP_LOGIN,APP_LOGIN,APP_LOGIN,APP_LOGIN
на почту пришло уведомление об аресте в приложении пусто поясните,ACCOUNT_SEIZED,2,ACCOUNT_SEIZED,ACCOUNT_SEIZED,ACCOUNT_SEIZED,ACCOUNT_SEIZED
сменил e-mail в профиле теперь пишет неверный логин как вернуть доступ,APP_LOGIN,1,APP_LOGIN,APP_LOGIN,APP_LOGIN,APP_LOGIN
вид на жительство загрузил пишет документ неподходящего типа,KYC_VERIFICATION,3,KYC_VERIFICATION,KYC_VERIFICATION,KYC_VERIFICATION,KYC_VERIFICATION
включение входа по отпечатку выдаёт biometric api error,APP_TECH,3,APP_TECH,APP_TECH,APP_TECH,APP_TECH
снятие ограничений какие документы и в каком формате,ACCOUNT_SEIZED,2,ACCOUNT_SEIZED,ACCOUNT_SEIZED,ACCOUNT_SEIZED,ACCOUNT_SEIZED
"Оплата в магазине не прошла, терминал отменил, но холд повис. Сколько ждать возврат?",PAYMENT_OUT_FAIL,5,PAYMENT_OUT_FAIL,PAYMENT_OUT_FAIL,PAYMENT_OUT_FAIL,PAYMENT_OUT_FAIL
регулярный платёж списался дважды в один день отмените дубль,PAYMENT_OUT_FAIL,1,FRAUD_SUSPECTED,PAYMENT_OUT_FAIL,PAYMENT_OUT_FAIL,PAYMENT_OUT_FAIL
biometric api error при попытке включить вход по отпечатку,APP_TECH,1,APP_TECH,APP_TECH,APP_TECH,APP_TECH
возврат магазина обещали до 5 дней прошло 7 пусто,INCOMING_DELAY,3,INCOMING_DELAY,INCOMING_DELAY,INCOMING_DELAY,INCOMING_DELAY
"push для входа не приходит, смс тоже. Нужна помощь.",APP_LOGIN,1,APP_LOGIN,APP_LOGIN,APP_LOGIN,APP_LOGIN
зарплатный реестр прошел у коллег деньги есть у меня нет,INCOMING_DELAY,1,INCOMING_DELAY,INCOMING_DELAY,INCOMING_DELAY,INCOMING_DELAY
банкомат пишет лимит исчерпан но лимит не выбран,CARD_ISSUE,5,CARD_ISSUE,CARD_ISSUE,CARD_ISSUE,CARD_ISSUE
я нерезидент какие документы нужны полный список,KYC_VERIFICATION,2,KYC_VERIFICATION,KYC_VERIFICATION,KYC_VERIFICATION,KYC_VERIFICATION
просим временно снять блок для оплаты аренды,ACCOUNT_SEIZED,2,ACCOUNT_SEIZED,ACCOUNT_SEIZED,ACCOUNT_SEIZED,ACCOUNT_SEIZED
документы отправил на адрес из письма неделю назад тишина,ACCOUNT_SEIZED,1,ACCOUNT_SEIZED,ACCOUNT_SEIZED,ACCOUNT_SEIZED,INCOMING_DELAY
перевод с площадки отправили банк говорит проверка у меня пусто,INCOMING_DELAY,2,INCOMING_DELAY,INCOMING_DELAY,INCOMING_DELAY,INCOMING_DELAY
captcha проходит а система отвечает «попробуйте позже»,APP_LOGIN,3,APP_LOGIN,APP_LOGIN,APP_LOGIN,APP_LOGIN
"после смены e-mail пишет «неверный логин», доступ потерял",APP_LOGIN,1,APP_LOGIN,APP_LOGIN,APP_LOGIN,APP_LOGIN
задержка по кэшбэку уже 9 рабочих дней когда начислят,INCOMING_DELAY,3,INCOMING_DELAY,INCOMING_DELAY,INCOMING_DELAY,INCOMING_DELAY
список шаблонов пропал после обновления как восстановить,APP_TECH,4,APP_LOGIN,APP_LOGIN,APP_LOGIN,APP_TECH
межбанк на физлицо вернулся из-за некорректного БИК хотя указал правильно,PAYMENT_OUT_FAIL,3,PAYMENT_OUT_FAIL,PAYMENT_OUT_FAIL,PAYMENT_OUT_FAIL,PAYMENT_OUT_FAIL
оплата в магазине не прошла списание и возврат через минуту,PAYMENT_OUT_FAIL,2,PAYMENT_OUT_FAIL,PAYMENT_OUT_FAIL,PAYMENT_OUT_FAIL,PAYMENT_OUT_FAIL
ночью прошла покупка в usd я в это время спал оспорьте операцию,FRAUD_SUSPECTED,2,FRAUD_SUSPECTED,FRAUD_SUSPECTED,FRAUD_SUSPECTED,FRAUD_SUSPECTED
доставка карты задерживается уже 10 дней где статус,CARD_ISSUE,5,INCOMING_DELAY,INCOMING_DELAY,INCOMING_DELAY,CARD_ISSUE
просят подтвердить источник средств куда загружать справку 2 ндфл,KYC_VERIFICATION,5,ACCOUNT_SEIZED,ACCOUNT_SEIZED,KYC_VERIFICATION,KYC_VERIFICATION
cvv не показывает приложение не могу оплатить услугу,CARD_ISSUE,4,CARD_ISSUE,CARD_ISSUE,CARD_ISSUE,CARD_ISSUE
"двухфакторка утеряна, коды TOTP не принимает рассинхрон часов?",APP_LOGIN,2,APP_LOGIN,APP_LOGIN,APP_LOGIN,APP_LOGIN
перевёл по ссылке знакомому оказался мошенник можно отменить,FRAUD_SUSPECTED,1,FRAUD_SUSPECTED,FRAUD_SUSPECTED,FRAUD_SUSPECTED,FRAUD_SUSPECTED
блокировка по 115-ФЗ операции остановлены пришлите список документов,ACCOUNT_SEIZED,3,ACCOUNT_SEIZED,ACCOUNT_SEIZED,ACCOUNT_SEIZED,ACCOUNT_SEIZED
неизвестная подписка оформилась сама 1190 отменить и вернуть,FRAUD_SUSPECTED,3,FRAUD_SUSPECTED,FRAUD_SUSPECTED,FRAUD_SUSPECTED,FRAUD_SUSPECTED
перевод по реквизитам ушел но в истории нет операции,PAYMENT_OUT_FAIL,1,PAYMENT_OUT_FAIL,PAYMENT_OUT_FAIL,PAYMENT_OUT_FAIL,PAYMENT_OUT_FAIL
пароль верный пишет неверно кнопка забыли пароль не активна,APP_LOGIN,1,APP_LOGIN,APP_LOGIN,APP_LOGIN,APP_LOGIN
незнакомая подписка списывает 349 ежемесячно отключите и верните,FRAUD_SUSPECTED,4,FRAUD_SUSPECTED,FRAUD_SUSPECTED,FRAUD_SUSPECTED,FRAUD_SUSPECTED
после загрузки ИНН три дня висит «на проверке»,KYC_VERIFICATION,1,KYC_VERIFICATION,KYC_VERIFICATION,KYC_VERIFICATION,KYC_VERIFICATION
"вчера отправили сеpa платеж, сегодня еще нет денег где отслеживать статус",INCOMING_DELAY,2,INCOMING_DELAY,INCOMING_DELAY,INCOMING_DELAY,INCOMING_DELAY
селфи-проверка не проходит пишет поверните голову я поворачиваю не помогает,KYC_VERIFICATION,1,KYC_VERIFICATION,KYC_VERIFICATION,KYC_VERIFICATION,KYC_VERIFICATION
учетная запись найдена но просит старый номер,APP_LOGIN,4,APP_LOGIN,APP_LOGIN,APP_LOGIN,APP_LOGIN
MRZ не считывается в приложении фото четкое,KYC_VERIFICATION,4,KYC_VERIFICATION,KYC_VERIFICATION,KYC_VERIFICATION,KYC_VERIFICATION
лимит исходящих по проверке снижен прошу уточнить и вернуть,ACCOUNT_SEIZED,1,ACCOUNT_SEIZED,ACCOUNT_SEIZED,ACCOUNT_SEIZED,ACCOUNT_SEIZED
ограничили операции по делу пришлите список что предоставить,ACCOUNT_SEIZED,5,ACCOUNT_SEIZED,ACCOUNT_SEIZED,ACCOUNT_SEIZED,ACCOUNT_SEIZED
СБП перевод на свой же счет в другом банке — «банк получателя недоступен».,PAYMENT_OUT_FAIL,1,PAYMENT_OUT_FAIL,PAYMENT_OUT_FAIL,PAYMENT_OUT_FAIL,PAYMENT_OUT_FAIL
подозрительный вход из другого города закройте сессию,FRAUD_SUSPECTED,1,FRAUD_SUSPECTED,FRAUD_SUSPECTED,FRAUD_SUSPECTED,FRAUD_SUSPECTED
карта заблокирована из-за подозрительной операции как снять блокировку,CARD_ISSUE,1,CARD_ISSUE,CARD_ISSUE,CARD_ISSUE,CARD_ISSUE
чтобы снять арест от ФССП нужна квитанция об оплате куда отправить,ACCOUNT_SEIZED,2,ACCOUNT_SEIZED,ACCOUNT_SEIZED,ACCOUNT_SEIZED,ACCOUNT_SEIZED
ошибка 504 при переходе в каталог платежей,APP_TECH,5,APP_LOGIN,APP_LOGIN,APP_TECH,PAYMENT_OUT_FAIL
SEPA EUR отправили вчера днём сегодня утром всё ещё пусто,INCOMING_DELAY,4,INCOMING_DELAY,INCOMING_DELAY,INCOMING_DELAY,INCOMING_DELAY
При попытке сменить телефон для входа — «ошибка сервера (500)». Переустановка не помогает.,APP_TECH,1,APP_LOGIN,APP_LOGIN,APP_LOGIN,APP_LOGIN
заморозили счёт ИП не могу платить налоги пришлите чек-лист документов,ACCOUNT_SEIZED,1,ACCOUNT_SEIZED,ACCOUNT_SEIZED,ACCOUNT_SEIZED,ACCOUNT_SEIZED
"SWIFT-перевод USD отправили 2 дня назад, зачисления нет. Где посмотреть статус прохождения?",INCOMING_DELAY,1,INCOMING_DELAY,INCOMING_DELAY,INCOMING_DELAY,INCOMING_DELAY
фильтры по датам в выписке не применяются сохраняю — без эффекта,APP_TECH,2,FRAUD_SUSPECTED,FRAUD_SUSPECTED,FRAUD_SUSPECTED,APP_TECH
приложение предлагает привязать номер пишет занят другим,APP_LOGIN,2,APP_LOGIN,APP_LOGIN,APP_LOGIN,APP_LOGIN
Международный перевод EUR отклонён некорректный IBAN но он верный,PAYMENT_OUT_FAIL,1,PAYMENT_OUT_FAIL,PAYMENT_OUT_FAIL,PAYMENT_OUT_FAIL,PAYMENT_OUT_FAIL
фото бликует пишут низкое качество какие требования к свету,KYC_VERIFICATION,3,KYC_VERIFICATION,KYC_VERIFICATION,KYC_VERIFICATION,KYC_VERIFICATION
оплата в ecommerce не прошла 3d secure не показался,PAYMENT_OUT_FAIL,3,PAYMENT_OUT_FAIL,PAYMENT_OUT_FAIL,PAYMENT_OUT_FAIL,PAYMENT_OUT_FAIL
незнакомая подписка ежемесячно списывает 349 отключите и верните,FRAUD_SUSPECTED,4,FRAUD_SUSPECTED,FRAUD_SUSPECTED,FRAUD_SUSPECTED,FRAUD_SUSPECTED
трещина на карте терминалы часто отказывают срочно заменить,CARD_ISSUE,2,CARD_ISSUE,CARD_ISSUE,CARD_ISSUE,CARD_ISSUE
Добрый день! Возврат за отменённую подписку обещали в течение 5 дней прошло 8.,INCOMING_DELAY,2,INCOMING_DELAY,INCOMING_DELAY,INCOMING_DELAY,INCOMING_DELAY
адрес подтверждения не приняли квитанция свежая,KYC_VERIFICATION,3,KYC_VERIFICATION,KYC_VERIFICATION,KYC_VERIFICATION,KYC_VERIFICATION
частичный возврат оформили второй завис без статуса,INCOMING_DELAY,1,INCOMING_DELAY,INCOMING_DELAY,INCOMING_DELAY,INCOMING_DELAY
фото бликует и пишут низкое качество есть ли требования к освещению,KYC_VERIFICATION,1,KYC_VERIFICATION,KYC_VERIFICATION,KYC_VERIFICATION,KYC_VERIFICATION
